dataset_name,model_name,metric_name,metric_value,series_id,source_label,task_type,metric_direction
ACSF1,KernelEnsembleClassifier_score_baseline_summary,accuracy,0.44,ACSF1,pdl_ucr_full,ts_classification,higher
ACSF1,KernelEnsembleClassifier_shapelet_motif_rbf,accuracy,0.4,ACSF1,pdl_ucr_full,ts_classification,higher
ACSF1,KernelEnsembleClassifier_embedding_nystrom,accuracy,0.45,ACSF1,pdl_ucr_full,ts_classification,higher
ACSF1,KernelEnsembleClassifier_adaptive_all_non_topological,accuracy,0.7,ACSF1,pdl_ucr_full,ts_classification,higher
ArrowHead,KernelEnsembleClassifier_score_baseline_summary,accuracy,0.5885714285714285,ArrowHead,pdl_ucr_full,ts_classification,higher
ArrowHead,KernelEnsembleClassifier_shapelet_motif_rbf,accuracy,0.5942857142857143,ArrowHead,pdl_ucr_full,ts_classification,higher
ArrowHead,KernelEnsembleClassifier_embedding_nystrom,accuracy,0.5314285714285715,ArrowHead,pdl_ucr_full,ts_classification,higher
BME,KernelEnsembleClassifier_score_baseline_summary,accuracy,0.5066666666666667,BME,pdl_ucr_full,ts_classification,higher
BME,KernelEnsembleClassifier_adaptive_all_non_topological,accuracy,0.9,BME,pdl_ucr_full,ts_classification,higher
BME,KernelEnsembleClassifier_shapelet_motif_rbf,accuracy,0.6733333333333333,BME,pdl_ucr_full,ts_classification,higher
BME,KernelEnsembleClassifier_embedding_nystrom,accuracy,0.6133333333333333,BME,pdl_ucr_full,ts_classification,higher
Beef,KernelEnsembleClassifier_score_baseline_summary,accuracy,0.36666666666666664,Beef,pdl_ucr_full,ts_classification,higher
Beef,KernelEnsembleClassifier_adaptive_all_non_topological,accuracy,0.36666666666666664,Beef,pdl_ucr_full,ts_classification,higher
Beef,KernelEnsembleClassifier_shapelet_motif_rbf,accuracy,0.4666666666666667,Beef,pdl_ucr_full,ts_classification,higher
Beef,KernelEnsembleClassifier_embedding_nystrom,accuracy,0.43333333333333335,Beef,pdl_ucr_full,ts_classification,higher
BeetleFly,KernelEnsembleClassifier_score_baseline_summary,accuracy,0.65,BeetleFly,pdl_ucr_full,ts_classification,higher
BeetleFly,KernelEnsembleClassifier_adaptive_all_non_topological,accuracy,0.6,BeetleFly,pdl_ucr_full,ts_classification,higher
BeetleFly,KernelEnsembleClassifier_shapelet_motif_rbf,accuracy,0.85,BeetleFly,pdl_ucr_full,ts_classification,higher
BeetleFly,KernelEnsembleClassifier_embedding_nystrom,accuracy,0.55,BeetleFly,pdl_ucr_full,ts_classification,higher
BirdChicken,KernelEnsembleClassifier_score_baseline_summary,accuracy,0.85,BirdChicken,pdl_ucr_full,ts_classification,higher
BirdChicken,KernelEnsembleClassifier_adaptive_all_non_topological,accuracy,0.9,BirdChicken,pdl_ucr_full,ts_classification,higher
BirdChicken,KernelEnsembleClassifier_shapelet_motif_rbf,accuracy,0.8,BirdChicken,pdl_ucr_full,ts_classification,higher
BirdChicken,KernelEnsembleClassifier_embedding_nystrom,accuracy,0.55,BirdChicken,pdl_ucr_full,ts_classification,higher
CBF,KernelEnsembleClassifier_score_baseline_summary,accuracy,0.5988888888888889,CBF,pdl_ucr_full,ts_classification,higher
CBF,KernelEnsembleClassifier_adaptive_all_non_topological,accuracy,0.33111111111111113,CBF,pdl_ucr_full,ts_classification,higher
CBF,KernelEnsembleClassifier_shapelet_motif_rbf,accuracy,0.9211111111111111,CBF,pdl_ucr_full,ts_classification,higher
CBF,KernelEnsembleClassifier_embedding_nystrom,accuracy,0.33111111111111113,CBF,pdl_ucr_full,ts_classification,higher
Car,KernelEnsembleClassifier_score_baseline_summary,accuracy,0.5,Car,pdl_ucr_full,ts_classification,higher
Car,KernelEnsembleClassifier_shapelet_motif_rbf,accuracy,0.6333333333333333,Car,pdl_ucr_full,ts_classification,higher
Car,KernelEnsembleClassifier_embedding_nystrom,accuracy,0.48333333333333334,Car,pdl_ucr_full,ts_classification,higher
Chinatown,KernelEnsembleClassifier_score_baseline_summary,accuracy,0.7405247813411079,Chinatown,pdl_ucr_full,ts_classification,higher
Chinatown,KernelEnsembleClassifier_adaptive_all_non_topological,accuracy,0.9708454810495627,Chinatown,pdl_ucr_full,ts_classification,higher
Chinatown,KernelEnsembleClassifier_shapelet_motif_rbf,accuracy,0.9708454810495627,Chinatown,pdl_ucr_full,ts_classification,higher
Chinatown,KernelEnsembleClassifier_embedding_nystrom,accuracy,0.749271137026239,Chinatown,pdl_ucr_full,ts_classification,higher
ChlorineConcentration,KernelEnsembleClassifier_score_baseline_summary,accuracy,0.5390625,ChlorineConcentration,pdl_ucr_full,ts_classification,higher
ArrowHead,KernelEnsembleClassifier_adaptive_all_non_topological,accuracy,0.3028571428571429,ArrowHead,pdl_ucr_full,ts_classification,higher
Car,KernelEnsembleClassifier_adaptive_all_non_topological,accuracy,0.31666666666666665,Car,pdl_ucr_full,ts_classification,higher
ChlorineConcentration,KernelEnsembleClassifier_adaptive_all_non_topological,accuracy,0.5369791666666667,ChlorineConcentration,pdl_ucr_full,ts_classification,higher
ChlorineConcentration,KernelEnsembleClassifier_shapelet_motif_rbf,accuracy,0.5447916666666667,ChlorineConcentration,pdl_ucr_full,ts_classification,higher
ChlorineConcentration,KernelEnsembleClassifier_embedding_nystrom,accuracy,0.54140625,ChlorineConcentration,pdl_ucr_full,ts_classification,higher
CinCECGTorso,KernelEnsembleClassifier_score_baseline_summary,accuracy,0.3826086956521739,CinCECGTorso,pdl_ucr_full,ts_classification,higher
CinCECGTorso,KernelEnsembleClassifier_adaptive_all_non_topological,accuracy,0.4920289855072464,CinCECGTorso,pdl_ucr_full,ts_classification,higher
CinCECGTorso,KernelEnsembleClassifier_shapelet_motif_rbf,accuracy,0.2956521739130435,CinCECGTorso,pdl_ucr_full,ts_classification,higher
CinCECGTorso,KernelEnsembleClassifier_embedding_nystrom,accuracy,0.4963768115942029,CinCECGTorso,pdl_ucr_full,ts_classification,higher
Coffee,KernelEnsembleClassifier_score_baseline_summary,accuracy,0.4642857142857143,Coffee,pdl_ucr_full,ts_classification,higher
Coffee,KernelEnsembleClassifier_adaptive_all_non_topological,accuracy,0.9642857142857143,Coffee,pdl_ucr_full,ts_classification,higher
Coffee,KernelEnsembleClassifier_shapelet_motif_rbf,accuracy,0.8928571428571429,Coffee,pdl_ucr_full,ts_classification,higher
Coffee,KernelEnsembleClassifier_embedding_nystrom,accuracy,0.9642857142857143,Coffee,pdl_ucr_full,ts_classification,higher
Computers,KernelEnsembleClassifier_score_baseline_summary,accuracy,0.736,Computers,pdl_ucr_full,ts_classification,higher
Computers,KernelEnsembleClassifier_adaptive_all_non_topological,accuracy,0.7,Computers,pdl_ucr_full,ts_classification,higher
Computers,KernelEnsembleClassifier_shapelet_motif_rbf,accuracy,0.712,Computers,pdl_ucr_full,ts_classification,higher
Computers,KernelEnsembleClassifier_embedding_nystrom,accuracy,0.708,Computers,pdl_ucr_full,ts_classification,higher
CricketX,KernelEnsembleClassifier_score_baseline_summary,accuracy,0.3641025641025641,CricketX,pdl_ucr_full,ts_classification,higher
CricketX,KernelEnsembleClassifier_adaptive_all_non_topological,accuracy,0.24871794871794872,CricketX,pdl_ucr_full,ts_classification,higher
CricketX,KernelEnsembleClassifier_shapelet_motif_rbf,accuracy,0.24871794871794872,CricketX,pdl_ucr_full,ts_classification,higher
CricketX,KernelEnsembleClassifier_embedding_nystrom,accuracy,0.24871794871794872,CricketX,pdl_ucr_full,ts_classification,higher
CricketY,KernelEnsembleClassifier_score_baseline_summary,accuracy,0.3282051282051282,CricketY,pdl_ucr_full,ts_classification,higher
CricketY,KernelEnsembleClassifier_adaptive_all_non_topological,accuracy,0.32564102564102565,CricketY,pdl_ucr_full,ts_classification,higher
CricketY,KernelEnsembleClassifier_shapelet_motif_rbf,accuracy,0.40512820512820513,CricketY,pdl_ucr_full,ts_classification,higher
CricketY,KernelEnsembleClassifier_embedding_nystrom,accuracy,0.19487179487179487,CricketY,pdl_ucr_full,ts_classification,higher
CricketZ,KernelEnsembleClassifier_score_baseline_summary,accuracy,0.4,CricketZ,pdl_ucr_full,ts_classification,higher
CricketZ,KernelEnsembleClassifier_adaptive_all_non_topological,accuracy,0.2282051282051282,CricketZ,pdl_ucr_full,ts_classification,higher
CricketZ,KernelEnsembleClassifier_shapelet_motif_rbf,accuracy,0.2282051282051282,CricketZ,pdl_ucr_full,ts_classification,higher
CricketZ,KernelEnsembleClassifier_embedding_nystrom,accuracy,0.22564102564102564,CricketZ,pdl_ucr_full,ts_classification,higher
Crop,KernelEnsembleClassifier_score_baseline_summary,accuracy,0.5072023809523809,Crop,pdl_ucr_full,ts_classification,higher
Crop,KernelEnsembleClassifier_adaptive_all_non_topological,accuracy,0.49416666666666664,Crop,pdl_ucr_full,ts_classification,higher
Crop,KernelEnsembleClassifier_shapelet_motif_rbf,accuracy,0.47946428571428573,Crop,pdl_ucr_full,ts_classification,higher
Crop,KernelEnsembleClassifier_embedding_nystrom,accuracy,0.5661309523809523,Crop,pdl_ucr_full,ts_classification,higher
DiatomSizeReduction,KernelEnsembleClassifier_score_baseline_summary,accuracy,0.39215686274509803,DiatomSizeReduction,pdl_ucr_full,ts_classification,higher
DiatomSizeReduction,KernelEnsembleClassifier_adaptive_all_non_topological,accuracy,0.8986928104575164,DiatomSizeReduction,pdl_ucr_full,ts_classification,higher
DiatomSizeReduction,KernelEnsembleClassifier_shapelet_motif_rbf,accuracy,0.9150326797385621,DiatomSizeReduction,pdl_ucr_full,ts_classification,higher
DiatomSizeReduction,KernelEnsembleClassifier_embedding_nystrom,accuracy,0.3006535947712418,DiatomSizeReduction,pdl_ucr_full,ts_classification,higher
DistalPhalanxOutlineAgeGroup,KernelEnsembleClassifier_score_baseline_summary,accuracy,0.6834532374100719,DistalPhalanxOutlineAgeGroup,pdl_ucr_full,ts_classification,higher
DistalPhalanxOutlineAgeGroup,KernelEnsembleClassifier_adaptive_all_non_topological,accuracy,0.7266187050359713,DistalPhalanxOutlineAgeGroup,pdl_ucr_full,ts_classification,higher
DistalPhalanxOutlineAgeGroup,KernelEnsembleClassifier_shapelet_motif_rbf,accuracy,0.7338129496402878,DistalPhalanxOutlineAgeGroup,pdl_ucr_full,ts_classification,higher
DistalPhalanxOutlineAgeGroup,KernelEnsembleClassifier_embedding_nystrom,accuracy,0.6762589928057554,DistalPhalanxOutlineAgeGroup,pdl_ucr_full,ts_classification,higher
DistalPhalanxOutlineCorrect,KernelEnsembleClassifier_score_baseline_summary,accuracy,0.6847826086956522,DistalPhalanxOutlineCorrect,pdl_ucr_full,ts_classification,higher
DistalPhalanxOutlineCorrect,KernelEnsembleClassifier_adaptive_all_non_topological,accuracy,0.6413043478260869,DistalPhalanxOutlineCorrect,pdl_ucr_full,ts_classification,higher
DistalPhalanxOutlineCorrect,KernelEnsembleClassifier_shapelet_motif_rbf,accuracy,0.7608695652173914,DistalPhalanxOutlineCorrect,pdl_ucr_full,ts_classification,higher
DistalPhalanxOutlineCorrect,KernelEnsembleClassifier_embedding_nystrom,accuracy,0.6340579710144928,DistalPhalanxOutlineCorrect,pdl_ucr_full,ts_classification,higher
DistalPhalanxTW,KernelEnsembleClassifier_score_baseline_summary,accuracy,0.5827338129496403,DistalPhalanxTW,pdl_ucr_full,ts_classification,higher
DistalPhalanxTW,KernelEnsembleClassifier_adaptive_all_non_topological,accuracy,0.5827338129496403,DistalPhalanxTW,pdl_ucr_full,ts_classification,higher
DistalPhalanxTW,KernelEnsembleClassifier_shapelet_motif_rbf,accuracy,0.6690647482014388,DistalPhalanxTW,pdl_ucr_full,ts_classification,higher
DistalPhalanxTW,KernelEnsembleClassifier_embedding_nystrom,accuracy,0.6690647482014388,DistalPhalanxTW,pdl_ucr_full,ts_classification,higher
ECG200,KernelEnsembleClassifier_score_baseline_summary,accuracy,0.72,ECG200,pdl_ucr_full,ts_classification,higher
ECG200,KernelEnsembleClassifier_adaptive_all_non_topological,accuracy,0.49,ECG200,pdl_ucr_full,ts_classification,higher
ECG200,KernelEnsembleClassifier_shapelet_motif_rbf,accuracy,0.8,ECG200,pdl_ucr_full,ts_classification,higher
ECG200,KernelEnsembleClassifier_embedding_nystrom,accuracy,0.78,ECG200,pdl_ucr_full,ts_classification,higher
ECG5000,KernelEnsembleClassifier_score_baseline_summary,accuracy,0.9175555555555556,ECG5000,pdl_ucr_full,ts_classification,higher
ECG5000,KernelEnsembleClassifier_adaptive_all_non_topological,accuracy,0.9055555555555556,ECG5000,pdl_ucr_full,ts_classification,higher
ECG5000,KernelEnsembleClassifier_shapelet_motif_rbf,accuracy,0.9055555555555556,ECG5000,pdl_ucr_full,ts_classification,higher
ECG5000,KernelEnsembleClassifier_embedding_nystrom,accuracy,0.9164444444444444,ECG5000,pdl_ucr_full,ts_classification,higher
ECGFiveDays,KernelEnsembleClassifier_score_baseline_summary,accuracy,0.7665505226480837,ECGFiveDays,pdl_ucr_full,ts_classification,higher
ECGFiveDays,KernelEnsembleClassifier_adaptive_all_non_topological,accuracy,0.9419279907084785,ECGFiveDays,pdl_ucr_full,ts_classification,higher
ECGFiveDays,KernelEnsembleClassifier_shapelet_motif_rbf,accuracy,0.7851335656213705,ECGFiveDays,pdl_ucr_full,ts_classification,higher
ECGFiveDays,KernelEnsembleClassifier_embedding_nystrom,accuracy,0.49709639953542395,ECGFiveDays,pdl_ucr_full,ts_classification,higher
EOGHorizontalSignal,KernelEnsembleClassifier_score_baseline_summary,accuracy,0.3342541436464088,EOGHorizontalSignal,pdl_ucr_full,ts_classification,higher
EOGHorizontalSignal,KernelEnsembleClassifier_adaptive_all_non_topological,accuracy,0.13535911602209943,EOGHorizontalSignal,pdl_ucr_full,ts_classification,higher
EOGHorizontalSignal,KernelEnsembleClassifier_shapelet_motif_rbf,accuracy,0.35911602209944754,EOGHorizontalSignal,pdl_ucr_full,ts_classification,higher
EOGHorizontalSignal,KernelEnsembleClassifier_embedding_nystrom,accuracy,0.281767955801105,EOGHorizontalSignal,pdl_ucr_full,ts_classification,higher
EOGVerticalSignal,KernelEnsembleClassifier_score_baseline_summary,accuracy,0.13535911602209943,EOGVerticalSignal,pdl_ucr_full,ts_classification,higher
EOGVerticalSignal,KernelEnsembleClassifier_adaptive_all_non_topological,accuracy,0.20994475138121546,EOGVerticalSignal,pdl_ucr_full,ts_classification,higher
EOGVerticalSignal,KernelEnsembleClassifier_shapelet_motif_rbf,accuracy,0.19060773480662985,EOGVerticalSignal,pdl_ucr_full,ts_classification,higher
EOGVerticalSignal,KernelEnsembleClassifier_embedding_nystrom,accuracy,0.26519337016574585,EOGVerticalSignal,pdl_ucr_full,ts_classification,higher
Earthquakes,KernelEnsembleClassifier_score_baseline_summary,accuracy,0.7482014388489209,Earthquakes,pdl_ucr_full,ts_classification,higher
Earthquakes,KernelEnsembleClassifier_adaptive_all_non_topological,accuracy,0.7482014388489209,Earthquakes,pdl_ucr_full,ts_classification,higher
Earthquakes,KernelEnsembleClassifier_shapelet_motif_rbf,accuracy,0.7482014388489209,Earthquakes,pdl_ucr_full,ts_classification,higher
Earthquakes,KernelEnsembleClassifier_embedding_nystrom,accuracy,0.7482014388489209,Earthquakes,pdl_ucr_full,ts_classification,higher
ElectricDevices,KernelEnsembleClassifier_score_baseline_summary,accuracy,0.646349371028401,ElectricDevices,pdl_ucr_full,ts_classification,higher
ElectricDevices,KernelEnsembleClassifier_adaptive_all_non_topological,accuracy,0.5426014784074699,ElectricDevices,pdl_ucr_full,ts_classification,higher
ElectricDevices,KernelEnsembleClassifier_shapelet_motif_rbf,accuracy,0.5899364544157697,ElectricDevices,pdl_ucr_full,ts_classification,higher
ElectricDevices,KernelEnsembleClassifier_embedding_nystrom,accuracy,0.4848917131370769,ElectricDevices,pdl_ucr_full,ts_classification,higher
EthanolLevel,KernelEnsembleClassifier_score_baseline_summary,accuracy,0.256,EthanolLevel,pdl_ucr_full,ts_classification,higher
EthanolLevel,KernelEnsembleClassifier_adaptive_all_non_topological,accuracy,0.286,EthanolLevel,pdl_ucr_full,ts_classification,higher
EthanolLevel,KernelEnsembleClassifier_shapelet_motif_rbf,accuracy,0.248,EthanolLevel,pdl_ucr_full,ts_classification,higher
EthanolLevel,KernelEnsembleClassifier_embedding_nystrom,accuracy,0.29,EthanolLevel,pdl_ucr_full,ts_classification,higher
FaceAll,KernelEnsembleClassifier_score_baseline_summary,accuracy,0.42662721893491123,FaceAll,pdl_ucr_full,ts_classification,higher
FaceAll,KernelEnsembleClassifier_adaptive_all_non_topological,accuracy,0.2556213017751479,FaceAll,pdl_ucr_full,ts_classification,higher
FaceAll,KernelEnsembleClassifier_shapelet_motif_rbf,accuracy,0.521301775147929,FaceAll,pdl_ucr_full,ts_classification,higher
FaceAll,KernelEnsembleClassifier_embedding_nystrom,accuracy,0.40473372781065087,FaceAll,pdl_ucr_full,ts_classification,higher
FaceFour,KernelEnsembleClassifier_score_baseline_summary,accuracy,0.18181818181818182,FaceFour,pdl_ucr_full,ts_classification,higher
FaceFour,KernelEnsembleClassifier_adaptive_all_non_topological,accuracy,0.9318181818181818,FaceFour,pdl_ucr_full,ts_classification,higher
FaceFour,KernelEnsembleClassifier_shapelet_motif_rbf,accuracy,0.6363636363636364,FaceFour,pdl_ucr_full,ts_classification,higher
FaceFour,KernelEnsembleClassifier_embedding_nystrom,accuracy,0.5113636363636364,FaceFour,pdl_ucr_full,ts_classification,higher
FacesUCR,KernelEnsembleClassifier_score_baseline_summary,accuracy,0.3068292682926829,FacesUCR,pdl_ucr_full,ts_classification,higher
FacesUCR,KernelEnsembleClassifier_adaptive_all_non_topological,accuracy,0.2780487804878049,FacesUCR,pdl_ucr_full,ts_classification,higher
FacesUCR,KernelEnsembleClassifier_shapelet_motif_rbf,accuracy,0.5409756097560976,FacesUCR,pdl_ucr_full,ts_classification,higher
FacesUCR,KernelEnsembleClassifier_embedding_nystrom,accuracy,0.2780487804878049,FacesUCR,pdl_ucr_full,ts_classification,higher
FiftyWords,KernelEnsembleClassifier_score_baseline_summary,accuracy,0.22857142857142856,FiftyWords,pdl_ucr_full,ts_classification,higher
FiftyWords,KernelEnsembleClassifier_adaptive_all_non_topological,accuracy,0.23516483516483516,FiftyWords,pdl_ucr_full,ts_classification,higher
FiftyWords,KernelEnsembleClassifier_shapelet_motif_rbf,accuracy,0.3516483516483517,FiftyWords,pdl_ucr_full,ts_classification,higher
FiftyWords,KernelEnsembleClassifier_embedding_nystrom,accuracy,0.38461538461538464,FiftyWords,pdl_ucr_full,ts_classification,higher
Fish,KernelEnsembleClassifier_score_baseline_summary,accuracy,0.3314285714285714,Fish,pdl_ucr_full,ts_classification,higher
Fish,KernelEnsembleClassifier_adaptive_all_non_topological,accuracy,0.22285714285714286,Fish,pdl_ucr_full,ts_classification,higher
Fish,KernelEnsembleClassifier_shapelet_motif_rbf,accuracy,0.7542857142857143,Fish,pdl_ucr_full,ts_classification,higher
Fish,KernelEnsembleClassifier_embedding_nystrom,accuracy,0.4228571428571429,Fish,pdl_ucr_full,ts_classification,higher
FordA,KernelEnsembleClassifier_score_baseline_summary,accuracy,0.7916666666666666,FordA,pdl_ucr_full,ts_classification,higher
FordA,KernelEnsembleClassifier_adaptive_all_non_topological,accuracy,0.753030303030303,FordA,pdl_ucr_full,ts_classification,higher
FordA,KernelEnsembleClassifier_shapelet_motif_rbf,accuracy,0.8507575757575757,FordA,pdl_ucr_full,ts_classification,higher
FordA,KernelEnsembleClassifier_embedding_nystrom,accuracy,0.7386363636363636,FordA,pdl_ucr_full,ts_classification,higher
FordB,KernelEnsembleClassifier_score_baseline_summary,accuracy,0.5888888888888889,FordB,pdl_ucr_full,ts_classification,higher
FordB,KernelEnsembleClassifier_adaptive_all_non_topological,accuracy,0.608641975308642,FordB,pdl_ucr_full,ts_classification,higher
FordB,KernelEnsembleClassifier_shapelet_motif_rbf,accuracy,0.5814814814814815,FordB,pdl_ucr_full,ts_classification,higher
FordB,KernelEnsembleClassifier_embedding_nystrom,accuracy,0.5802469135802469,FordB,pdl_ucr_full,ts_classification,higher
FreezerRegularTrain,KernelEnsembleClassifier_score_baseline_summary,accuracy,0.7603508771929824,FreezerRegularTrain,pdl_ucr_full,ts_classification,higher
FreezerRegularTrain,KernelEnsembleClassifier_adaptive_all_non_topological,accuracy,0.7621052631578947,FreezerRegularTrain,pdl_ucr_full,ts_classification,higher
FreezerRegularTrain,KernelEnsembleClassifier_shapelet_motif_rbf,accuracy,0.7621052631578947,FreezerRegularTrain,pdl_ucr_full,ts_classification,higher
FreezerRegularTrain,KernelEnsembleClassifier_embedding_nystrom,accuracy,0.763859649122807,FreezerRegularTrain,pdl_ucr_full,ts_classification,higher
FreezerSmallTrain,KernelEnsembleClassifier_score_baseline_summary,accuracy,0.7603508771929824,FreezerSmallTrain,pdl_ucr_full,ts_classification,higher
FreezerSmallTrain,KernelEnsembleClassifier_adaptive_all_non_topological,accuracy,0.7603508771929824,FreezerSmallTrain,pdl_ucr_full,ts_classification,higher
FreezerSmallTrain,KernelEnsembleClassifier_shapelet_motif_rbf,accuracy,0.7659649122807017,FreezerSmallTrain,pdl_ucr_full,ts_classification,higher
FreezerSmallTrain,KernelEnsembleClassifier_embedding_nystrom,accuracy,0.755438596491228,FreezerSmallTrain,pdl_ucr_full,ts_classification,higher
Fungi,KernelEnsembleClassifier_score_baseline_summary,accuracy,0.5967741935483871,Fungi,pdl_ucr_full,ts_classification,higher
Fungi,KernelEnsembleClassifier_adaptive_all_non_topological,accuracy,0.9032258064516129,Fungi,pdl_ucr_full,ts_classification,higher
Fungi,KernelEnsembleClassifier_shapelet_motif_rbf,accuracy,0.7580645161290323,Fungi,pdl_ucr_full,ts_classification,higher
Fungi,KernelEnsembleClassifier_embedding_nystrom,accuracy,0.6881720430107527,Fungi,pdl_ucr_full,ts_classification,higher
GunPoint,KernelEnsembleClassifier_score_baseline_summary,accuracy,0.78,GunPoint,pdl_ucr_full,ts_classification,higher
GunPoint,KernelEnsembleClassifier_adaptive_all_non_topological,accuracy,0.7533333333333333,GunPoint,pdl_ucr_full,ts_classification,higher
GunPoint,KernelEnsembleClassifier_shapelet_motif_rbf,accuracy,0.7533333333333333,GunPoint,pdl_ucr_full,ts_classification,higher
GunPoint,KernelEnsembleClassifier_embedding_nystrom,accuracy,0.74,GunPoint,pdl_ucr_full,ts_classification,higher
GunPointAgeSpan,KernelEnsembleClassifier_score_baseline_summary,accuracy,0.509493670886076,GunPointAgeSpan,pdl_ucr_full,ts_classification,higher
GunPointAgeSpan,KernelEnsembleClassifier_adaptive_all_non_topological,accuracy,0.8639240506329114,GunPointAgeSpan,pdl_ucr_full,ts_classification,higher
GunPointAgeSpan,KernelEnsembleClassifier_shapelet_motif_rbf,accuracy,0.7278481012658228,GunPointAgeSpan,pdl_ucr_full,ts_classification,higher
GunPointAgeSpan,KernelEnsembleClassifier_embedding_nystrom,accuracy,0.6424050632911392,GunPointAgeSpan,pdl_ucr_full,ts_classification,higher
GunPointMaleVersusFemale,KernelEnsembleClassifier_score_baseline_summary,accuracy,0.7373417721518988,GunPointMaleVersusFemale,pdl_ucr_full,ts_classification,higher
GunPointMaleVersusFemale,KernelEnsembleClassifier_adaptive_all_non_topological,accuracy,0.7721518987341772,GunPointMaleVersusFemale,pdl_ucr_full,ts_classification,higher
GunPointMaleVersusFemale,KernelEnsembleClassifier_shapelet_motif_rbf,accuracy,0.7721518987341772,GunPointMaleVersusFemale,pdl_ucr_full,ts_classification,higher
GunPointMaleVersusFemale,KernelEnsembleClassifier_embedding_nystrom,accuracy,0.7721518987341772,GunPointMaleVersusFemale,pdl_ucr_full,ts_classification,higher
GunPointOldVersusYoung,KernelEnsembleClassifier_score_baseline_summary,accuracy,1.0,GunPointOldVersusYoung,pdl_ucr_full,ts_classification,higher
GunPointOldVersusYoung,KernelEnsembleClassifier_adaptive_all_non_topological,accuracy,1.0,GunPointOldVersusYoung,pdl_ucr_full,ts_classification,higher
GunPointOldVersusYoung,KernelEnsembleClassifier_shapelet_motif_rbf,accuracy,1.0,GunPointOldVersusYoung,pdl_ucr_full,ts_classification,higher
GunPointOldVersusYoung,KernelEnsembleClassifier_embedding_nystrom,accuracy,1.0,GunPointOldVersusYoung,pdl_ucr_full,ts_classification,higher
Ham,KernelEnsembleClassifier_score_baseline_summary,accuracy,0.5904761904761905,Ham,pdl_ucr_full,ts_classification,higher
Ham,KernelEnsembleClassifier_adaptive_all_non_topological,accuracy,0.6476190476190476,Ham,pdl_ucr_full,ts_classification,higher
Ham,KernelEnsembleClassifier_shapelet_motif_rbf,accuracy,0.5714285714285714,Ham,pdl_ucr_full,ts_classification,higher
Ham,KernelEnsembleClassifier_embedding_nystrom,accuracy,0.6571428571428571,Ham,pdl_ucr_full,ts_classification,higher
HandOutlines,KernelEnsembleClassifier_score_baseline_summary,accuracy,0.654054054054054,HandOutlines,pdl_ucr_full,ts_classification,higher
HandOutlines,KernelEnsembleClassifier_adaptive_all_non_topological,accuracy,0.6567567567567567,HandOutlines,pdl_ucr_full,ts_classification,higher
HandOutlines,KernelEnsembleClassifier_shapelet_motif_rbf,accuracy,0.7324324324324324,HandOutlines,pdl_ucr_full,ts_classification,higher
HandOutlines,KernelEnsembleClassifier_embedding_nystrom,accuracy,0.8378378378378378,HandOutlines,pdl_ucr_full,ts_classification,higher
Haptics,KernelEnsembleClassifier_score_baseline_summary,accuracy,0.2694805194805195,Haptics,pdl_ucr_full,ts_classification,higher
Haptics,KernelEnsembleClassifier_adaptive_all_non_topological,accuracy,0.2857142857142857,Haptics,pdl_ucr_full,ts_classification,higher
Haptics,KernelEnsembleClassifier_shapelet_motif_rbf,accuracy,0.44155844155844154,Haptics,pdl_ucr_full,ts_classification,higher
Haptics,KernelEnsembleClassifier_embedding_nystrom,accuracy,0.36363636363636365,Haptics,pdl_ucr_full,ts_classification,higher
Herring,KernelEnsembleClassifier_score_baseline_summary,accuracy,0.59375,Herring,pdl_ucr_full,ts_classification,higher
Herring,KernelEnsembleClassifier_adaptive_all_non_topological,accuracy,0.59375,Herring,pdl_ucr_full,ts_classification,higher
Herring,KernelEnsembleClassifier_shapelet_motif_rbf,accuracy,0.59375,Herring,pdl_ucr_full,ts_classification,higher
Herring,KernelEnsembleClassifier_embedding_nystrom,accuracy,0.59375,Herring,pdl_ucr_full,ts_classification,higher
HouseTwenty,KernelEnsembleClassifier_score_baseline_summary,accuracy,0.6386554621848739,HouseTwenty,pdl_ucr_full,ts_classification,higher
HouseTwenty,KernelEnsembleClassifier_adaptive_all_non_topological,accuracy,0.5714285714285714,HouseTwenty,pdl_ucr_full,ts_classification,higher
HouseTwenty,KernelEnsembleClassifier_shapelet_motif_rbf,accuracy,0.8319327731092437,HouseTwenty,pdl_ucr_full,ts_classification,higher
HouseTwenty,KernelEnsembleClassifier_embedding_nystrom,accuracy,0.6722689075630253,HouseTwenty,pdl_ucr_full,ts_classification,higher
InlineSkate,KernelEnsembleClassifier_score_baseline_summary,accuracy,0.22727272727272727,InlineSkate,pdl_ucr_full,ts_classification,higher
InlineSkate,KernelEnsembleClassifier_adaptive_all_non_topological,accuracy,0.18,InlineSkate,pdl_ucr_full,ts_classification,higher
InlineSkate,KernelEnsembleClassifier_shapelet_motif_rbf,accuracy,0.18,InlineSkate,pdl_ucr_full,ts_classification,higher
InlineSkate,KernelEnsembleClassifier_embedding_nystrom,accuracy,0.18,InlineSkate,pdl_ucr_full,ts_classification,higher
InsectEPGRegularTrain,KernelEnsembleClassifier_score_baseline_summary,accuracy,0.8313253012048193,InsectEPGRegularTrain,pdl_ucr_full,ts_classification,higher
InsectEPGRegularTrain,KernelEnsembleClassifier_adaptive_all_non_topological,accuracy,0.8313253012048193,InsectEPGRegularTrain,pdl_ucr_full,ts_classification,higher
InsectEPGRegularTrain,KernelEnsembleClassifier_shapelet_motif_rbf,accuracy,1.0,InsectEPGRegularTrain,pdl_ucr_full,ts_classification,higher
InsectEPGRegularTrain,KernelEnsembleClassifier_embedding_nystrom,accuracy,1.0,InsectEPGRegularTrain,pdl_ucr_full,ts_classification,higher
InsectEPGSmallTrain,KernelEnsembleClassifier_score_baseline_summary,accuracy,0.8313253012048193,InsectEPGSmallTrain,pdl_ucr_full,ts_classification,higher
InsectEPGSmallTrain,KernelEnsembleClassifier_adaptive_all_non_topological,accuracy,0.8313253012048193,InsectEPGSmallTrain,pdl_ucr_full,ts_classification,higher
InsectEPGSmallTrain,KernelEnsembleClassifier_shapelet_motif_rbf,accuracy,1.0,InsectEPGSmallTrain,pdl_ucr_full,ts_classification,higher
InsectEPGSmallTrain,KernelEnsembleClassifier_embedding_nystrom,accuracy,1.0,InsectEPGSmallTrain,pdl_ucr_full,ts_classification,higher
InsectWingbeatSound,KernelEnsembleClassifier_score_baseline_summary,accuracy,0.26161616161616164,InsectWingbeatSound,pdl_ucr_full,ts_classification,higher
InsectWingbeatSound,KernelEnsembleClassifier_adaptive_all_non_topological,accuracy,0.34595959595959597,InsectWingbeatSound,pdl_ucr_full,ts_classification,higher
InsectWingbeatSound,KernelEnsembleClassifier_shapelet_motif_rbf,accuracy,0.37222222222222223,InsectWingbeatSound,pdl_ucr_full,ts_classification,higher
InsectWingbeatSound,KernelEnsembleClassifier_embedding_nystrom,accuracy,0.5303030303030303,InsectWingbeatSound,pdl_ucr_full,ts_classification,higher
ItalyPowerDemand,KernelEnsembleClassifier_score_baseline_summary,accuracy,0.7900874635568513,ItalyPowerDemand,pdl_ucr_full,ts_classification,higher
ItalyPowerDemand,KernelEnsembleClassifier_adaptive_all_non_topological,accuracy,0.8415937803692906,ItalyPowerDemand,pdl_ucr_full,ts_classification,higher
ItalyPowerDemand,KernelEnsembleClassifier_shapelet_motif_rbf,accuracy,0.8202137998056366,ItalyPowerDemand,pdl_ucr_full,ts_classification,higher
ItalyPowerDemand,KernelEnsembleClassifier_embedding_nystrom,accuracy,0.9552964042759962,ItalyPowerDemand,pdl_ucr_full,ts_classification,higher
LargeKitchenAppliances,KernelEnsembleClassifier_score_baseline_summary,accuracy,0.6773333333333333,LargeKitchenAppliances,pdl_ucr_full,ts_classification,higher
LargeKitchenAppliances,KernelEnsembleClassifier_adaptive_all_non_topological,accuracy,0.64,LargeKitchenAppliances,pdl_ucr_full,ts_classification,higher
LargeKitchenAppliances,KernelEnsembleClassifier_shapelet_motif_rbf,accuracy,0.7173333333333334,LargeKitchenAppliances,pdl_ucr_full,ts_classification,higher
LargeKitchenAppliances,KernelEnsembleClassifier_embedding_nystrom,accuracy,0.6693333333333333,LargeKitchenAppliances,pdl_ucr_full,ts_classification,higher
Lightning2,KernelEnsembleClassifier_score_baseline_summary,accuracy,0.5409836065573771,Lightning2,pdl_ucr_full,ts_classification,higher
Lightning2,KernelEnsembleClassifier_adaptive_all_non_topological,accuracy,0.5409836065573771,Lightning2,pdl_ucr_full,ts_classification,higher
Lightning2,KernelEnsembleClassifier_shapelet_motif_rbf,accuracy,0.6065573770491803,Lightning2,pdl_ucr_full,ts_classification,higher
Lightning2,KernelEnsembleClassifier_embedding_nystrom,accuracy,0.7213114754098361,Lightning2,pdl_ucr_full,ts_classification,higher
Lightning7,KernelEnsembleClassifier_score_baseline_summary,accuracy,0.3972602739726027,Lightning7,pdl_ucr_full,ts_classification,higher
Lightning7,KernelEnsembleClassifier_adaptive_all_non_topological,accuracy,0.3561643835616438,Lightning7,pdl_ucr_full,ts_classification,higher
Lightning7,KernelEnsembleClassifier_shapelet_motif_rbf,accuracy,0.4383561643835616,Lightning7,pdl_ucr_full,ts_classification,higher
Lightning7,KernelEnsembleClassifier_embedding_nystrom,accuracy,0.3698630136986301,Lightning7,pdl_ucr_full,ts_classification,higher
Mallat,KernelEnsembleClassifier_score_baseline_summary,accuracy,0.46567164179104475,Mallat,pdl_ucr_full,ts_classification,higher
Mallat,KernelEnsembleClassifier_adaptive_all_non_topological,accuracy,0.1232409381663113,Mallat,pdl_ucr_full,ts_classification,higher
Mallat,KernelEnsembleClassifier_shapelet_motif_rbf,accuracy,0.8200426439232409,Mallat,pdl_ucr_full,ts_classification,higher
Mallat,KernelEnsembleClassifier_embedding_nystrom,accuracy,0.4891257995735608,Mallat,pdl_ucr_full,ts_classification,higher
Meat,KernelEnsembleClassifier_score_baseline_summary,accuracy,0.48333333333333334,Meat,pdl_ucr_full,ts_classification,higher
Meat,KernelEnsembleClassifier_adaptive_all_non_topological,accuracy,0.6166666666666667,Meat,pdl_ucr_full,ts_classification,higher
Meat,KernelEnsembleClassifier_shapelet_motif_rbf,accuracy,0.9,Meat,pdl_ucr_full,ts_classification,higher
Meat,KernelEnsembleClassifier_embedding_nystrom,accuracy,0.9833333333333333,Meat,pdl_ucr_full,ts_classification,higher
MedicalImages,KernelEnsembleClassifier_score_baseline_summary,accuracy,0.5868421052631579,MedicalImages,pdl_ucr_full,ts_classification,higher
MedicalImages,KernelEnsembleClassifier_adaptive_all_non_topological,accuracy,0.5144736842105263,MedicalImages,pdl_ucr_full,ts_classification,higher
MedicalImages,KernelEnsembleClassifier_shapelet_motif_rbf,accuracy,0.5276315789473685,MedicalImages,pdl_ucr_full,ts_classification,higher
MedicalImages,KernelEnsembleClassifier_embedding_nystrom,accuracy,0.5157894736842106,MedicalImages,pdl_ucr_full,ts_classification,higher
MiddlePhalanxOutlineAgeGroup,KernelEnsembleClassifier_score_baseline_summary,accuracy,0.6168831168831169,MiddlePhalanxOutlineAgeGroup,pdl_ucr_full,ts_classification,higher
MiddlePhalanxOutlineAgeGroup,KernelEnsembleClassifier_adaptive_all_non_topological,accuracy,0.6168831168831169,MiddlePhalanxOutlineAgeGroup,pdl_ucr_full,ts_classification,higher
MiddlePhalanxOutlineAgeGroup,KernelEnsembleClassifier_shapelet_motif_rbf,accuracy,0.6298701298701299,MiddlePhalanxOutlineAgeGroup,pdl_ucr_full,ts_classification,higher
MiddlePhalanxOutlineAgeGroup,KernelEnsembleClassifier_embedding_nystrom,accuracy,0.6168831168831169,MiddlePhalanxOutlineAgeGroup,pdl_ucr_full,ts_classification,higher
MiddlePhalanxOutlineCorrect,KernelEnsembleClassifier_score_baseline_summary,accuracy,0.584192439862543,MiddlePhalanxOutlineCorrect,pdl_ucr_full,ts_classification,higher
MiddlePhalanxOutlineCorrect,KernelEnsembleClassifier_adaptive_all_non_topological,accuracy,0.570446735395189,MiddlePhalanxOutlineCorrect,pdl_ucr_full,ts_classification,higher
MiddlePhalanxOutlineCorrect,KernelEnsembleClassifier_shapelet_motif_rbf,accuracy,0.570446735395189,MiddlePhalanxOutlineCorrect,pdl_ucr_full,ts_classification,higher
MiddlePhalanxOutlineCorrect,KernelEnsembleClassifier_embedding_nystrom,accuracy,0.570446735395189,MiddlePhalanxOutlineCorrect,pdl_ucr_full,ts_classification,higher
MiddlePhalanxTW,KernelEnsembleClassifier_score_baseline_summary,accuracy,0.5584415584415584,MiddlePhalanxTW,pdl_ucr_full,ts_classification,higher
MiddlePhalanxTW,KernelEnsembleClassifier_adaptive_all_non_topological,accuracy,0.5584415584415584,MiddlePhalanxTW,pdl_ucr_full,ts_classification,higher
MiddlePhalanxTW,KernelEnsembleClassifier_shapelet_motif_rbf,accuracy,0.5844155844155844,MiddlePhalanxTW,pdl_ucr_full,ts_classification,higher
MiddlePhalanxTW,KernelEnsembleClassifier_embedding_nystrom,accuracy,0.5584415584415584,MiddlePhalanxTW,pdl_ucr_full,ts_classification,higher
MixedShapesRegularTrain,KernelEnsembleClassifier_score_baseline_summary,accuracy,0.7430927835051546,MixedShapesRegularTrain,pdl_ucr_full,ts_classification,higher
MixedShapesRegularTrain,KernelEnsembleClassifier_adaptive_all_non_topological,accuracy,0.8544329896907217,MixedShapesRegularTrain,pdl_ucr_full,ts_classification,higher
MixedShapesRegularTrain,KernelEnsembleClassifier_shapelet_motif_rbf,accuracy,0.8127835051546392,MixedShapesRegularTrain,pdl_ucr_full,ts_classification,higher
MixedShapesRegularTrain,KernelEnsembleClassifier_embedding_nystrom,accuracy,0.8136082474226805,MixedShapesRegularTrain,pdl_ucr_full,ts_classification,higher
MixedShapesSmallTrain,KernelEnsembleClassifier_score_baseline_summary,accuracy,0.6569072164948454,MixedShapesSmallTrain,pdl_ucr_full,ts_classification,higher
MixedShapesSmallTrain,KernelEnsembleClassifier_adaptive_all_non_topological,accuracy,0.6857731958762887,MixedShapesSmallTrain,pdl_ucr_full,ts_classification,higher
MixedShapesSmallTrain,KernelEnsembleClassifier_shapelet_motif_rbf,accuracy,0.7661855670103093,MixedShapesSmallTrain,pdl_ucr_full,ts_classification,higher
MixedShapesSmallTrain,KernelEnsembleClassifier_embedding_nystrom,accuracy,0.6820618556701031,MixedShapesSmallTrain,pdl_ucr_full,ts_classification,higher
MoteStrain,KernelEnsembleClassifier_score_baseline_summary,accuracy,0.7827476038338658,MoteStrain,pdl_ucr_full,ts_classification,higher
MoteStrain,KernelEnsembleClassifier_adaptive_all_non_topological,accuracy,0.8881789137380192,MoteStrain,pdl_ucr_full,ts_classification,higher
MoteStrain,KernelEnsembleClassifier_shapelet_motif_rbf,accuracy,0.865814696485623,MoteStrain,pdl_ucr_full,ts_classification,higher
MoteStrain,KernelEnsembleClassifier_embedding_nystrom,accuracy,0.8162939297124601,MoteStrain,pdl_ucr_full,ts_classification,higher
NonInvasiveFetalECGThorax1,KernelEnsembleClassifier_score_baseline_summary,accuracy,0.35776081424936385,NonInvasiveFetalECGThorax1,pdl_ucr_full,ts_classification,higher
NonInvasiveFetalECGThorax1,KernelEnsembleClassifier_adaptive_all_non_topological,accuracy,0.08804071246819338,NonInvasiveFetalECGThorax1,pdl_ucr_full,ts_classification,higher
NonInvasiveFetalECGThorax1,KernelEnsembleClassifier_shapelet_motif_rbf,accuracy,0.594910941475827,NonInvasiveFetalECGThorax1,pdl_ucr_full,ts_classification,higher
NonInvasiveFetalECGThorax1,KernelEnsembleClassifier_embedding_nystrom,accuracy,0.494147582697201,NonInvasiveFetalECGThorax1,pdl_ucr_full,ts_classification,higher
NonInvasiveFetalECGThorax2,KernelEnsembleClassifier_score_baseline_summary,accuracy,0.4717557251908397,NonInvasiveFetalECGThorax2,pdl_ucr_full,ts_classification,higher
NonInvasiveFetalECGThorax2,KernelEnsembleClassifier_adaptive_all_non_topological,accuracy,0.12111959287531807,NonInvasiveFetalECGThorax2,pdl_ucr_full,ts_classification,higher
NonInvasiveFetalECGThorax2,KernelEnsembleClassifier_shapelet_motif_rbf,accuracy,0.6127226463104326,NonInvasiveFetalECGThorax2,pdl_ucr_full,ts_classification,higher
NonInvasiveFetalECGThorax2,KernelEnsembleClassifier_embedding_nystrom,accuracy,0.6035623409669211,NonInvasiveFetalECGThorax2,pdl_ucr_full,ts_classification,higher
OSULeaf,KernelEnsembleClassifier_score_baseline_summary,accuracy,0.44214876033057854,OSULeaf,pdl_ucr_full,ts_classification,higher
OSULeaf,KernelEnsembleClassifier_adaptive_all_non_topological,accuracy,0.5041322314049587,OSULeaf,pdl_ucr_full,ts_classification,higher
OSULeaf,KernelEnsembleClassifier_shapelet_motif_rbf,accuracy,0.628099173553719,OSULeaf,pdl_ucr_full,ts_classification,higher
OSULeaf,KernelEnsembleClassifier_embedding_nystrom,accuracy,0.3677685950413223,OSULeaf,pdl_ucr_full,ts_classification,higher
OliveOil,KernelEnsembleClassifier_score_baseline_summary,accuracy,0.4,OliveOil,pdl_ucr_full,ts_classification,higher
OliveOil,KernelEnsembleClassifier_adaptive_all_non_topological,accuracy,0.4,OliveOil,pdl_ucr_full,ts_classification,higher
OliveOil,KernelEnsembleClassifier_shapelet_motif_rbf,accuracy,0.7333333333333333,OliveOil,pdl_ucr_full,ts_classification,higher
OliveOil,KernelEnsembleClassifier_embedding_nystrom,accuracy,0.4,OliveOil,pdl_ucr_full,ts_classification,higher
PhalangesOutlinesCorrect,KernelEnsembleClassifier_score_baseline_summary,accuracy,0.6468531468531469,PhalangesOutlinesCorrect,pdl_ucr_full,ts_classification,higher
PhalangesOutlinesCorrect,KernelEnsembleClassifier_adaptive_all_non_topological,accuracy,0.6130536130536131,PhalangesOutlinesCorrect,pdl_ucr_full,ts_classification,higher
PhalangesOutlinesCorrect,KernelEnsembleClassifier_shapelet_motif_rbf,accuracy,0.7447552447552448,PhalangesOutlinesCorrect,pdl_ucr_full,ts_classification,higher
PhalangesOutlinesCorrect,KernelEnsembleClassifier_embedding_nystrom,accuracy,0.6375291375291375,PhalangesOutlinesCorrect,pdl_ucr_full,ts_classification,higher
Phoneme,KernelEnsembleClassifier_score_baseline_summary,accuracy,0.20253164556962025,Phoneme,pdl_ucr_full,ts_classification,higher
Phoneme,KernelEnsembleClassifier_adaptive_all_non_topological,accuracy,0.1940928270042194,Phoneme,pdl_ucr_full,ts_classification,higher
Phoneme,KernelEnsembleClassifier_shapelet_motif_rbf,accuracy,0.19672995780590719,Phoneme,pdl_ucr_full,ts_classification,higher
Phoneme,KernelEnsembleClassifier_embedding_nystrom,accuracy,0.19567510548523206,Phoneme,pdl_ucr_full,ts_classification,higher
PigAirwayPressure,KernelEnsembleClassifier_score_baseline_summary,accuracy,0.2403846153846154,PigAirwayPressure,pdl_ucr_full,ts_classification,higher
PigAirwayPressure,KernelEnsembleClassifier_adaptive_all_non_topological,accuracy,0.32211538461538464,PigAirwayPressure,pdl_ucr_full,ts_classification,higher
PigAirwayPressure,KernelEnsembleClassifier_shapelet_motif_rbf,accuracy,0.8701923076923077,PigAirwayPressure,pdl_ucr_full,ts_classification,higher
PigAirwayPressure,KernelEnsembleClassifier_embedding_nystrom,accuracy,0.057692307692307696,PigAirwayPressure,pdl_ucr_full,ts_classification,higher
PigArtPressure,KernelEnsembleClassifier_score_baseline_summary,accuracy,0.3173076923076923,PigArtPressure,pdl_ucr_full,ts_classification,higher
PigArtPressure,KernelEnsembleClassifier_adaptive_all_non_topological,accuracy,0.1971153846153846,PigArtPressure,pdl_ucr_full,ts_classification,higher
PigArtPressure,KernelEnsembleClassifier_shapelet_motif_rbf,accuracy,0.5336538461538461,PigArtPressure,pdl_ucr_full,ts_classification,higher
PigArtPressure,KernelEnsembleClassifier_embedding_nystrom,accuracy,0.3173076923076923,PigArtPressure,pdl_ucr_full,ts_classification,higher
PigCVP,KernelEnsembleClassifier_score_baseline_summary,accuracy,0.4519230769230769,PigCVP,pdl_ucr_full,ts_classification,higher
PigCVP,KernelEnsembleClassifier_adaptive_all_non_topological,accuracy,0.052884615384615384,PigCVP,pdl_ucr_full,ts_classification,higher
PigCVP,KernelEnsembleClassifier_shapelet_motif_rbf,accuracy,0.5721153846153846,PigCVP,pdl_ucr_full,ts_classification,higher
PigCVP,KernelEnsembleClassifier_embedding_nystrom,accuracy,0.07211538461538461,PigCVP,pdl_ucr_full,ts_classification,higher
Plane,KernelEnsembleClassifier_score_baseline_summary,accuracy,0.8285714285714286,Plane,pdl_ucr_full,ts_classification,higher
Plane,KernelEnsembleClassifier_adaptive_all_non_topological,accuracy,0.5333333333333333,Plane,pdl_ucr_full,ts_classification,higher
Plane,KernelEnsembleClassifier_shapelet_motif_rbf,accuracy,0.9714285714285714,Plane,pdl_ucr_full,ts_classification,higher
Plane,KernelEnsembleClassifier_embedding_nystrom,accuracy,0.9619047619047619,Plane,pdl_ucr_full,ts_classification,higher
PowerCons,KernelEnsembleClassifier_score_baseline_summary,accuracy,0.9055555555555556,PowerCons,pdl_ucr_full,ts_classification,higher
PowerCons,KernelEnsembleClassifier_adaptive_all_non_topological,accuracy,0.9111111111111111,PowerCons,pdl_ucr_full,ts_classification,higher
PowerCons,KernelEnsembleClassifier_shapelet_motif_rbf,accuracy,0.9111111111111111,PowerCons,pdl_ucr_full,ts_classification,higher
PowerCons,KernelEnsembleClassifier_embedding_nystrom,accuracy,0.9111111111111111,PowerCons,pdl_ucr_full,ts_classification,higher
ProximalPhalanxOutlineAgeGroup,KernelEnsembleClassifier_score_baseline_summary,accuracy,0.8536585365853658,ProximalPhalanxOutlineAgeGroup,pdl_ucr_full,ts_classification,higher
ProximalPhalanxOutlineAgeGroup,KernelEnsembleClassifier_adaptive_all_non_topological,accuracy,0.8536585365853658,ProximalPhalanxOutlineAgeGroup,pdl_ucr_full,ts_classification,higher
ProximalPhalanxOutlineAgeGroup,KernelEnsembleClassifier_shapelet_motif_rbf,accuracy,0.8341463414634146,ProximalPhalanxOutlineAgeGroup,pdl_ucr_full,ts_classification,higher
ProximalPhalanxOutlineAgeGroup,KernelEnsembleClassifier_embedding_nystrom,accuracy,0.8536585365853658,ProximalPhalanxOutlineAgeGroup,pdl_ucr_full,ts_classification,higher
ProximalPhalanxOutlineCorrect,KernelEnsembleClassifier_score_baseline_summary,accuracy,0.6838487972508591,ProximalPhalanxOutlineCorrect,pdl_ucr_full,ts_classification,higher
ProximalPhalanxOutlineCorrect,KernelEnsembleClassifier_adaptive_all_non_topological,accuracy,0.6838487972508591,ProximalPhalanxOutlineCorrect,pdl_ucr_full,ts_classification,higher
ProximalPhalanxOutlineCorrect,KernelEnsembleClassifier_shapelet_motif_rbf,accuracy,0.7835051546391752,ProximalPhalanxOutlineCorrect,pdl_ucr_full,ts_classification,higher
ProximalPhalanxOutlineCorrect,KernelEnsembleClassifier_embedding_nystrom,accuracy,0.6838487972508591,ProximalPhalanxOutlineCorrect,pdl_ucr_full,ts_classification,higher
ProximalPhalanxTW,KernelEnsembleClassifier_score_baseline_summary,accuracy,0.6780487804878049,ProximalPhalanxTW,pdl_ucr_full,ts_classification,higher
ProximalPhalanxTW,KernelEnsembleClassifier_adaptive_all_non_topological,accuracy,0.6780487804878049,ProximalPhalanxTW,pdl_ucr_full,ts_classification,higher
ProximalPhalanxTW,KernelEnsembleClassifier_shapelet_motif_rbf,accuracy,0.8,ProximalPhalanxTW,pdl_ucr_full,ts_classification,higher
ProximalPhalanxTW,KernelEnsembleClassifier_embedding_nystrom,accuracy,0.6780487804878049,ProximalPhalanxTW,pdl_ucr_full,ts_classification,higher
RefrigerationDevices,KernelEnsembleClassifier_score_baseline_summary,accuracy,0.528,RefrigerationDevices,pdl_ucr_full,ts_classification,higher
RefrigerationDevices,KernelEnsembleClassifier_adaptive_all_non_topological,accuracy,0.5333333333333333,RefrigerationDevices,pdl_ucr_full,ts_classification,higher
RefrigerationDevices,KernelEnsembleClassifier_shapelet_motif_rbf,accuracy,0.5333333333333333,RefrigerationDevices,pdl_ucr_full,ts_classification,higher
RefrigerationDevices,KernelEnsembleClassifier_embedding_nystrom,accuracy,0.528,RefrigerationDevices,pdl_ucr_full,ts_classification,higher
Rock,KernelEnsembleClassifier_score_baseline_summary,accuracy,0.44,Rock,pdl_ucr_full,ts_classification,higher
Rock,KernelEnsembleClassifier_adaptive_all_non_topological,accuracy,0.58,Rock,pdl_ucr_full,ts_classification,higher
Rock,KernelEnsembleClassifier_shapelet_motif_rbf,accuracy,0.32,Rock,pdl_ucr_full,ts_classification,higher
Rock,KernelEnsembleClassifier_embedding_nystrom,accuracy,0.46,Rock,pdl_ucr_full,ts_classification,higher
ScreenType,KernelEnsembleClassifier_score_baseline_summary,accuracy,0.424,ScreenType,pdl_ucr_full,ts_classification,higher
ScreenType,KernelEnsembleClassifier_adaptive_all_non_topological,accuracy,0.344,ScreenType,pdl_ucr_full,ts_classification,higher
ScreenType,KernelEnsembleClassifier_shapelet_motif_rbf,accuracy,0.4,ScreenType,pdl_ucr_full,ts_classification,higher
ScreenType,KernelEnsembleClassifier_embedding_nystrom,accuracy,0.4053333333333333,ScreenType,pdl_ucr_full,ts_classification,higher
SemgHandGenderCh2,KernelEnsembleClassifier_score_baseline_summary,accuracy,0.8316666666666667,SemgHandGenderCh2,pdl_ucr_full,ts_classification,higher
SemgHandGenderCh2,KernelEnsembleClassifier_adaptive_all_non_topological,accuracy,0.8316666666666667,SemgHandGenderCh2,pdl_ucr_full,ts_classification,higher
SemgHandGenderCh2,KernelEnsembleClassifier_shapelet_motif_rbf,accuracy,0.8316666666666667,SemgHandGenderCh2,pdl_ucr_full,ts_classification,higher
SemgHandGenderCh2,KernelEnsembleClassifier_embedding_nystrom,accuracy,0.8133333333333334,SemgHandGenderCh2,pdl_ucr_full,ts_classification,higher
SemgHandMovementCh2,KernelEnsembleClassifier_score_baseline_summary,accuracy,0.3288888888888889,SemgHandMovementCh2,pdl_ucr_full,ts_classification,higher
SemgHandMovementCh2,KernelEnsembleClassifier_adaptive_all_non_topological,accuracy,0.3933333333333333,SemgHandMovementCh2,pdl_ucr_full,ts_classification,higher
SemgHandMovementCh2,KernelEnsembleClassifier_shapelet_motif_rbf,accuracy,0.35777777777777775,SemgHandMovementCh2,pdl_ucr_full,ts_classification,higher
SemgHandMovementCh2,KernelEnsembleClassifier_embedding_nystrom,accuracy,0.36666666666666664,SemgHandMovementCh2,pdl_ucr_full,ts_classification,higher
SemgHandSubjectCh2,KernelEnsembleClassifier_score_baseline_summary,accuracy,0.5755555555555556,SemgHandSubjectCh2,pdl_ucr_full,ts_classification,higher
SemgHandSubjectCh2,KernelEnsembleClassifier_adaptive_all_non_topological,accuracy,0.4955555555555556,SemgHandSubjectCh2,pdl_ucr_full,ts_classification,higher
SemgHandSubjectCh2,KernelEnsembleClassifier_shapelet_motif_rbf,accuracy,0.52,SemgHandSubjectCh2,pdl_ucr_full,ts_classification,higher
SemgHandSubjectCh2,KernelEnsembleClassifier_embedding_nystrom,accuracy,0.52,SemgHandSubjectCh2,pdl_ucr_full,ts_classification,higher
ShapeletSim,KernelEnsembleClassifier_score_baseline_summary,accuracy,0.8944444444444445,ShapeletSim,pdl_ucr_full,ts_classification,higher
ShapeletSim,KernelEnsembleClassifier_adaptive_all_non_topological,accuracy,0.8944444444444445,ShapeletSim,pdl_ucr_full,ts_classification,higher
ShapeletSim,KernelEnsembleClassifier_shapelet_motif_rbf,accuracy,0.8944444444444445,ShapeletSim,pdl_ucr_full,ts_classification,higher
ShapeletSim,KernelEnsembleClassifier_embedding_nystrom,accuracy,0.8944444444444445,ShapeletSim,pdl_ucr_full,ts_classification,higher
ShapesAll,KernelEnsembleClassifier_score_baseline_summary,accuracy,0.34,ShapesAll,pdl_ucr_full,ts_classification,higher
ShapesAll,KernelEnsembleClassifier_adaptive_all_non_topological,accuracy,0.44666666666666666,ShapesAll,pdl_ucr_full,ts_classification,higher
ShapesAll,KernelEnsembleClassifier_shapelet_motif_rbf,accuracy,0.5166666666666667,ShapesAll,pdl_ucr_full,ts_classification,higher
ShapesAll,KernelEnsembleClassifier_embedding_nystrom,accuracy,0.4716666666666667,ShapesAll,pdl_ucr_full,ts_classification,higher
SmallKitchenAppliances,KernelEnsembleClassifier_score_baseline_summary,accuracy,0.7173333333333334,SmallKitchenAppliances,pdl_ucr_full,ts_classification,higher
SmallKitchenAppliances,KernelEnsembleClassifier_adaptive_all_non_topological,accuracy,0.792,SmallKitchenAppliances,pdl_ucr_full,ts_classification,higher
SmallKitchenAppliances,KernelEnsembleClassifier_shapelet_motif_rbf,accuracy,0.7253333333333334,SmallKitchenAppliances,pdl_ucr_full,ts_classification,higher
SmallKitchenAppliances,KernelEnsembleClassifier_embedding_nystrom,accuracy,0.7226666666666667,SmallKitchenAppliances,pdl_ucr_full,ts_classification,higher
SmoothSubspace,KernelEnsembleClassifier_score_baseline_summary,accuracy,0.9333333333333333,SmoothSubspace,pdl_ucr_full,ts_classification,higher
SmoothSubspace,KernelEnsembleClassifier_adaptive_all_non_topological,accuracy,0.9266666666666666,SmoothSubspace,pdl_ucr_full,ts_classification,higher
SmoothSubspace,KernelEnsembleClassifier_shapelet_motif_rbf,accuracy,0.9533333333333334,SmoothSubspace,pdl_ucr_full,ts_classification,higher
SmoothSubspace,KernelEnsembleClassifier_embedding_nystrom,accuracy,0.9133333333333333,SmoothSubspace,pdl_ucr_full,ts_classification,higher
SonyAIBORobotSurface1,KernelEnsembleClassifier_score_baseline_summary,accuracy,0.4509151414309484,SonyAIBORobotSurface1,pdl_ucr_full,ts_classification,higher
SonyAIBORobotSurface1,KernelEnsembleClassifier_adaptive_all_non_topological,accuracy,0.4292845257903494,SonyAIBORobotSurface1,pdl_ucr_full,ts_classification,higher
SonyAIBORobotSurface1,KernelEnsembleClassifier_shapelet_motif_rbf,accuracy,0.9068219633943427,SonyAIBORobotSurface1,pdl_ucr_full,ts_classification,higher
SonyAIBORobotSurface1,KernelEnsembleClassifier_embedding_nystrom,accuracy,0.6622296173044925,SonyAIBORobotSurface1,pdl_ucr_full,ts_classification,higher
SonyAIBORobotSurface2,KernelEnsembleClassifier_score_baseline_summary,accuracy,0.7712486883525709,SonyAIBORobotSurface2,pdl_ucr_full,ts_classification,higher
SonyAIBORobotSurface2,KernelEnsembleClassifier_adaptive_all_non_topological,accuracy,0.6810073452256034,SonyAIBORobotSurface2,pdl_ucr_full,ts_classification,higher
SonyAIBORobotSurface2,KernelEnsembleClassifier_shapelet_motif_rbf,accuracy,0.7303252885624344,SonyAIBORobotSurface2,pdl_ucr_full,ts_classification,higher
SonyAIBORobotSurface2,KernelEnsembleClassifier_embedding_nystrom,accuracy,0.7859391395592865,SonyAIBORobotSurface2,pdl_ucr_full,ts_classification,higher
Strawberry,KernelEnsembleClassifier_score_baseline_summary,accuracy,0.727027027027027,Strawberry,pdl_ucr_full,ts_classification,higher
Strawberry,KernelEnsembleClassifier_adaptive_all_non_topological,accuracy,0.6945945945945946,Strawberry,pdl_ucr_full,ts_classification,higher
Strawberry,KernelEnsembleClassifier_shapelet_motif_rbf,accuracy,0.8432432432432433,Strawberry,pdl_ucr_full,ts_classification,higher
Strawberry,KernelEnsembleClassifier_embedding_nystrom,accuracy,0.6783783783783783,Strawberry,pdl_ucr_full,ts_classification,higher
SwedishLeaf,KernelEnsembleClassifier_score_baseline_summary,accuracy,0.736,SwedishLeaf,pdl_ucr_full,ts_classification,higher
SwedishLeaf,KernelEnsembleClassifier_adaptive_all_non_topological,accuracy,0.3136,SwedishLeaf,pdl_ucr_full,ts_classification,higher
SwedishLeaf,KernelEnsembleClassifier_shapelet_motif_rbf,accuracy,0.7504,SwedishLeaf,pdl_ucr_full,ts_classification,higher
SwedishLeaf,KernelEnsembleClassifier_embedding_nystrom,accuracy,0.6528,SwedishLeaf,pdl_ucr_full,ts_classification,higher
Symbols,KernelEnsembleClassifier_score_baseline_summary,accuracy,0.3597989949748744,Symbols,pdl_ucr_full,ts_classification,higher
Symbols,KernelEnsembleClassifier_adaptive_all_non_topological,accuracy,0.8673366834170855,Symbols,pdl_ucr_full,ts_classification,higher
Symbols,KernelEnsembleClassifier_shapelet_motif_rbf,accuracy,0.7537688442211056,Symbols,pdl_ucr_full,ts_classification,higher
Symbols,KernelEnsembleClassifier_embedding_nystrom,accuracy,0.7557788944723618,Symbols,pdl_ucr_full,ts_classification,higher
SyntheticControl,KernelEnsembleClassifier_score_baseline_summary,accuracy,0.93,SyntheticControl,pdl_ucr_full,ts_classification,higher
SyntheticControl,KernelEnsembleClassifier_adaptive_all_non_topological,accuracy,0.57,SyntheticControl,pdl_ucr_full,ts_classification,higher
SyntheticControl,KernelEnsembleClassifier_shapelet_motif_rbf,accuracy,0.8733333333333333,SyntheticControl,pdl_ucr_full,ts_classification,higher
SyntheticControl,KernelEnsembleClassifier_embedding_nystrom,accuracy,0.7066666666666667,SyntheticControl,pdl_ucr_full,ts_classification,higher
ToeSegmentation1,KernelEnsembleClassifier_score_baseline_summary,accuracy,0.8114035087719298,ToeSegmentation1,pdl_ucr_full,ts_classification,higher
ToeSegmentation1,KernelEnsembleClassifier_adaptive_all_non_topological,accuracy,0.7456140350877193,ToeSegmentation1,pdl_ucr_full,ts_classification,higher
ToeSegmentation1,KernelEnsembleClassifier_shapelet_motif_rbf,accuracy,0.9385964912280702,ToeSegmentation1,pdl_ucr_full,ts_classification,higher
ToeSegmentation1,KernelEnsembleClassifier_embedding_nystrom,accuracy,0.6885964912280702,ToeSegmentation1,pdl_ucr_full,ts_classification,higher
ToeSegmentation2,KernelEnsembleClassifier_score_baseline_summary,accuracy,0.8307692307692308,ToeSegmentation2,pdl_ucr_full,ts_classification,higher
ToeSegmentation2,KernelEnsembleClassifier_adaptive_all_non_topological,accuracy,0.8769230769230769,ToeSegmentation2,pdl_ucr_full,ts_classification,higher
ToeSegmentation2,KernelEnsembleClassifier_shapelet_motif_rbf,accuracy,0.8923076923076924,ToeSegmentation2,pdl_ucr_full,ts_classification,higher
ToeSegmentation2,KernelEnsembleClassifier_embedding_nystrom,accuracy,0.8769230769230769,ToeSegmentation2,pdl_ucr_full,ts_classification,higher
Trace,KernelEnsembleClassifier_score_baseline_summary,accuracy,1.0,Trace,pdl_ucr_full,ts_classification,higher
Trace,KernelEnsembleClassifier_adaptive_all_non_topological,accuracy,0.72,Trace,pdl_ucr_full,ts_classification,higher
Trace,KernelEnsembleClassifier_shapelet_motif_rbf,accuracy,0.72,Trace,pdl_ucr_full,ts_classification,higher
Trace,KernelEnsembleClassifier_embedding_nystrom,accuracy,0.72,Trace,pdl_ucr_full,ts_classification,higher
TwoLeadECG,KernelEnsembleClassifier_score_baseline_summary,accuracy,0.7901668129938543,TwoLeadECG,pdl_ucr_full,ts_classification,higher
TwoLeadECG,KernelEnsembleClassifier_adaptive_all_non_topological,accuracy,0.8533801580333626,TwoLeadECG,pdl_ucr_full,ts_classification,higher
TwoLeadECG,KernelEnsembleClassifier_shapelet_motif_rbf,accuracy,0.8814749780509219,TwoLeadECG,pdl_ucr_full,ts_classification,higher
TwoLeadECG,KernelEnsembleClassifier_embedding_nystrom,accuracy,0.6812993854258121,TwoLeadECG,pdl_ucr_full,ts_classification,higher
TwoPatterns,KernelEnsembleClassifier_score_baseline_summary,accuracy,0.41575,TwoPatterns,pdl_ucr_full,ts_classification,higher
TwoPatterns,KernelEnsembleClassifier_adaptive_all_non_topological,accuracy,0.6,TwoPatterns,pdl_ucr_full,ts_classification,higher
TwoPatterns,KernelEnsembleClassifier_shapelet_motif_rbf,accuracy,0.763,TwoPatterns,pdl_ucr_full,ts_classification,higher
TwoPatterns,KernelEnsembleClassifier_embedding_nystrom,accuracy,0.4605,TwoPatterns,pdl_ucr_full,ts_classification,higher
UMD,KernelEnsembleClassifier_score_baseline_summary,accuracy,0.7291666666666666,UMD,pdl_ucr_full,ts_classification,higher
UMD,KernelEnsembleClassifier_adaptive_all_non_topological,accuracy,0.7361111111111112,UMD,pdl_ucr_full,ts_classification,higher
UMD,KernelEnsembleClassifier_shapelet_motif_rbf,accuracy,0.6319444444444444,UMD,pdl_ucr_full,ts_classification,higher
UMD,KernelEnsembleClassifier_embedding_nystrom,accuracy,0.6319444444444444,UMD,pdl_ucr_full,ts_classification,higher
UWaveGestureLibraryAll,KernelEnsembleClassifier_score_baseline_summary,accuracy,0.49581239530988275,UWaveGestureLibraryAll,pdl_ucr_full,ts_classification,higher
UWaveGestureLibraryAll,KernelEnsembleClassifier_adaptive_all_non_topological,accuracy,0.3757677275265215,UWaveGestureLibraryAll,pdl_ucr_full,ts_classification,higher
UWaveGestureLibraryAll,KernelEnsembleClassifier_shapelet_motif_rbf,accuracy,0.57928531546622,UWaveGestureLibraryAll,pdl_ucr_full,ts_classification,higher
UWaveGestureLibraryAll,KernelEnsembleClassifier_embedding_nystrom,accuracy,0.7613065326633166,UWaveGestureLibraryAll,pdl_ucr_full,ts_classification,higher
UWaveGestureLibraryX,KernelEnsembleClassifier_score_baseline_summary,accuracy,0.535175879396985,UWaveGestureLibraryX,pdl_ucr_full,ts_classification,higher
UWaveGestureLibraryX,KernelEnsembleClassifier_adaptive_all_non_topological,accuracy,0.4120603015075377,UWaveGestureLibraryX,pdl_ucr_full,ts_classification,higher
UWaveGestureLibraryX,KernelEnsembleClassifier_shapelet_motif_rbf,accuracy,0.5254048017867113,UWaveGestureLibraryX,pdl_ucr_full,ts_classification,higher
UWaveGestureLibraryX,KernelEnsembleClassifier_embedding_nystrom,accuracy,0.6395868230039085,UWaveGestureLibraryX,pdl_ucr_full,ts_classification,higher
UWaveGestureLibraryY,KernelEnsembleClassifier_score_baseline_summary,accuracy,0.49609156895589057,UWaveGestureLibraryY,pdl_ucr_full,ts_classification,higher
UWaveGestureLibraryY,KernelEnsembleClassifier_adaptive_all_non_topological,accuracy,0.3305415968732552,UWaveGestureLibraryY,pdl_ucr_full,ts_classification,higher
UWaveGestureLibraryY,KernelEnsembleClassifier_shapelet_motif_rbf,accuracy,0.4648241206030151,UWaveGestureLibraryY,pdl_ucr_full,ts_classification,higher
UWaveGestureLibraryY,KernelEnsembleClassifier_embedding_nystrom,accuracy,0.5848687883863763,UWaveGestureLibraryY,pdl_ucr_full,ts_classification,higher
UWaveGestureLibraryZ,KernelEnsembleClassifier_score_baseline_summary,accuracy,0.5385259631490787,UWaveGestureLibraryZ,pdl_ucr_full,ts_classification,higher
UWaveGestureLibraryZ,KernelEnsembleClassifier_adaptive_all_non_topological,accuracy,0.44025683975432717,UWaveGestureLibraryZ,pdl_ucr_full,ts_classification,higher
UWaveGestureLibraryZ,KernelEnsembleClassifier_shapelet_motif_rbf,accuracy,0.5600223338916807,UWaveGestureLibraryZ,pdl_ucr_full,ts_classification,higher
UWaveGestureLibraryZ,KernelEnsembleClassifier_embedding_nystrom,accuracy,0.5608598548297041,UWaveGestureLibraryZ,pdl_ucr_full,ts_classification,higher
Wafer,KernelEnsembleClassifier_score_baseline_summary,accuracy,0.9985399091499026,Wafer,pdl_ucr_full,ts_classification,higher
Wafer,KernelEnsembleClassifier_adaptive_all_non_topological,accuracy,0.9970798182998053,Wafer,pdl_ucr_full,ts_classification,higher
Wafer,KernelEnsembleClassifier_shapelet_motif_rbf,accuracy,0.9970798182998053,Wafer,pdl_ucr_full,ts_classification,higher
Wafer,KernelEnsembleClassifier_embedding_nystrom,accuracy,0.9925373134328358,Wafer,pdl_ucr_full,ts_classification,higher
Wine,KernelEnsembleClassifier_score_baseline_summary,accuracy,0.5,Wine,pdl_ucr_full,ts_classification,higher
Wine,KernelEnsembleClassifier_adaptive_all_non_topological,accuracy,0.5,Wine,pdl_ucr_full,ts_classification,higher
Wine,KernelEnsembleClassifier_shapelet_motif_rbf,accuracy,0.5,Wine,pdl_ucr_full,ts_classification,higher
Wine,KernelEnsembleClassifier_embedding_nystrom,accuracy,0.5,Wine,pdl_ucr_full,ts_classification,higher
WordSynonyms,KernelEnsembleClassifier_score_baseline_summary,accuracy,0.27586206896551724,WordSynonyms,pdl_ucr_full,ts_classification,higher
WordSynonyms,KernelEnsembleClassifier_adaptive_all_non_topological,accuracy,0.23667711598746083,WordSynonyms,pdl_ucr_full,ts_classification,higher
WordSynonyms,KernelEnsembleClassifier_shapelet_motif_rbf,accuracy,0.3777429467084639,WordSynonyms,pdl_ucr_full,ts_classification,higher
WordSynonyms,KernelEnsembleClassifier_embedding_nystrom,accuracy,0.3667711598746082,WordSynonyms,pdl_ucr_full,ts_classification,higher
Worms,KernelEnsembleClassifier_score_baseline_summary,accuracy,0.42857142857142855,Worms,pdl_ucr_full,ts_classification,higher
Worms,KernelEnsembleClassifier_adaptive_all_non_topological,accuracy,0.42857142857142855,Worms,pdl_ucr_full,ts_classification,higher
Worms,KernelEnsembleClassifier_shapelet_motif_rbf,accuracy,0.4805194805194805,Worms,pdl_ucr_full,ts_classification,higher
Worms,KernelEnsembleClassifier_embedding_nystrom,accuracy,0.44155844155844154,Worms,pdl_ucr_full,ts_classification,higher
WormsTwoClass,KernelEnsembleClassifier_score_baseline_summary,accuracy,0.6233766233766234,WormsTwoClass,pdl_ucr_full,ts_classification,higher
WormsTwoClass,KernelEnsembleClassifier_adaptive_all_non_topological,accuracy,0.6623376623376623,WormsTwoClass,pdl_ucr_full,ts_classification,higher
WormsTwoClass,KernelEnsembleClassifier_shapelet_motif_rbf,accuracy,0.6883116883116883,WormsTwoClass,pdl_ucr_full,ts_classification,higher
WormsTwoClass,KernelEnsembleClassifier_embedding_nystrom,accuracy,0.6363636363636364,WormsTwoClass,pdl_ucr_full,ts_classification,higher
Yoga,KernelEnsembleClassifier_score_baseline_summary,accuracy,0.6686666666666666,Yoga,pdl_ucr_full,ts_classification,higher
Yoga,KernelEnsembleClassifier_adaptive_all_non_topological,accuracy,0.628,Yoga,pdl_ucr_full,ts_classification,higher
Yoga,KernelEnsembleClassifier_shapelet_motif_rbf,accuracy,0.6316666666666667,Yoga,pdl_ucr_full,ts_classification,higher
Yoga,KernelEnsembleClassifier_embedding_nystrom,accuracy,0.63,Yoga,pdl_ucr_full,ts_classification,higher
