dataset_name,generation,pipeline_id,fitness_primary,fitness_secondary,node_count,depth,operation_chain,computation_time_in_seconds,evaluation_time_iso,path
AcousticContaminationMadrid,1,cef6d574-695f-497d-9287-65fbf2888d1f,3.348677623878624,0.2,2,2,treg -> quantile_extractor,152.9966440000003,2024-02-25T12:20:41.067305,D:\data_old\WORK\Repo\Industiral\IndustrialTS\examples\utils\data\benchmark_history\real_world_archive\composition_results\AcousticContaminationMadrid\1\cef6d574-695f-497d-9287-65fbf2888d1f\cef6d574-695f-497d-9287-65fbf2888d1f.json
AcousticContaminationMadrid,2,cef6d574-695f-497d-9287-65fbf2888d1f,3.348677623878624,0.2,2,2,treg -> quantile_extractor,152.9966440000003,2024-02-25T12:20:41.067305,D:\data_old\WORK\Repo\Industiral\IndustrialTS\examples\utils\data\benchmark_history\real_world_archive\composition_results\AcousticContaminationMadrid\2\cef6d574-695f-497d-9287-65fbf2888d1f\cef6d574-695f-497d-9287-65fbf2888d1f.json
AcousticContaminationMadrid,1,d9cbbfc4-7da0-45b4-8102-61d98a29590a,3.3648087072366457,0.3,3,2,treg -> quantile_extractor -> fourier_basis,152.9966440000003,2024-02-25T12:20:41.067305,D:\data_old\WORK\Repo\Industiral\IndustrialTS\examples\utils\data\benchmark_history\real_world_archive\composition_results\AcousticContaminationMadrid\1\d9cbbfc4-7da0-45b4-8102-61d98a29590a\d9cbbfc4-7da0-45b4-8102-61d98a29590a.json
Adiac,0,f00b3da8-25ff-404a-a929-acddfdf5273c,-0.2461538461538461,0.2,2,2,logit -> quantile_extractor,40.20809020000161,2024-02-10T15:59:33.955292,D:\data_old\WORK\Repo\Industiral\IndustrialTS\examples\utils\data\benchmark_history\real_world_archive\composition_results\Adiac\0\f00b3da8-25ff-404a-a929-acddfdf5273c\f00b3da8-25ff-404a-a929-acddfdf5273c.json
Adiac,1,f00b3da8-25ff-404a-a929-acddfdf5273c,-0.2461538461538461,0.2,2,2,logit -> quantile_extractor,40.20809020000161,2024-02-10T15:59:33.955292,D:\data_old\WORK\Repo\Industiral\IndustrialTS\examples\utils\data\benchmark_history\real_world_archive\composition_results\Adiac\1\f00b3da8-25ff-404a-a929-acddfdf5273c\f00b3da8-25ff-404a-a929-acddfdf5273c.json
Adiac,2,f00b3da8-25ff-404a-a929-acddfdf5273c,-0.2461538461538461,0.2,2,2,logit -> quantile_extractor,40.20809020000161,2024-02-10T15:59:33.955292,D:\data_old\WORK\Repo\Industiral\IndustrialTS\examples\utils\data\benchmark_history\real_world_archive\composition_results\Adiac\2\f00b3da8-25ff-404a-a929-acddfdf5273c\f00b3da8-25ff-404a-a929-acddfdf5273c.json
AluminiumConcentration,1,dde67608-f774-45da-85a2-2ec46d2b7401,284.34385767869344,0.2,2,2,treg -> fourier_basis,1058.7138185999993,2024-02-26T17:08:53.927165,D:\data_old\WORK\Repo\Industiral\IndustrialTS\examples\utils\data\benchmark_history\real_world_archive\composition_results\AluminiumConcentration\1\dde67608-f774-45da-85a2-2ec46d2b7401\dde67608-f774-45da-85a2-2ec46d2b7401.json
AluminiumConcentration,2,dde67608-f774-45da-85a2-2ec46d2b7401,284.34385767869344,0.2,2,2,treg -> fourier_basis,1058.7138185999993,2024-02-26T17:08:53.927165,D:\data_old\WORK\Repo\Industiral\IndustrialTS\examples\utils\data\benchmark_history\real_world_archive\composition_results\AluminiumConcentration\2\dde67608-f774-45da-85a2-2ec46d2b7401\dde67608-f774-45da-85a2-2ec46d2b7401.json
AluminiumConcentration,1,c8c15781-9d10-4c9f-889b-62a2b62f9bf9,320.6610129103404,0.3,3,3,treg -> quantile_extractor -> xgbreg,1058.7138185999993,2024-02-26T17:08:53.927165,D:\data_old\WORK\Repo\Industiral\IndustrialTS\examples\utils\data\benchmark_history\real_world_archive\composition_results\AluminiumConcentration\1\c8c15781-9d10-4c9f-889b-62a2b62f9bf9\c8c15781-9d10-4c9f-889b-62a2b62f9bf9.json
AtrialFibrillation,1,575b6fab-c75b-404b-a214-cea108437596,-1.0,0.3,3,3,logit -> normalization -> riemann_extractor,0.9145177000009426,2024-03-12T23:21:50.631123,D:\data_old\WORK\Repo\Industiral\IndustrialTS\examples\utils\data\benchmark_history\real_world_archive\composition_results\AtrialFibrillation\1\575b6fab-c75b-404b-a214-cea108437596\575b6fab-c75b-404b-a214-cea108437596.json
AtrialFibrillation,1,9263f0dd-a866-4781-85fc-584b13ee491c,-1.0,0.3,3,3,logit -> mlp -> riemann_extractor,0.9145177000009426,2024-03-12T23:21:50.631123,D:\data_old\WORK\Repo\Industiral\IndustrialTS\examples\utils\data\benchmark_history\real_world_archive\composition_results\AtrialFibrillation\1\9263f0dd-a866-4781-85fc-584b13ee491c\9263f0dd-a866-4781-85fc-584b13ee491c.json
AtrialFibrillation,2,575b6fab-c75b-404b-a214-cea108437596,-1.0,0.3,3,3,logit -> normalization -> riemann_extractor,0.9145177000009426,2024-03-12T23:21:50.631123,D:\data_old\WORK\Repo\Industiral\IndustrialTS\examples\utils\data\benchmark_history\real_world_archive\composition_results\AtrialFibrillation\2\575b6fab-c75b-404b-a214-cea108437596\575b6fab-c75b-404b-a214-cea108437596.json
BeetleFly,3,56ecb3a3-0d11-4fbf-a753-ae9b257291de,-0.9,0.6,6,5,logit -> quantile_extractor -> dt -> mlp -> recurrence_extractor -> wavelet_basis,2.718370600000526,2024-02-23T13:42:22.226873,D:\data_old\WORK\Repo\Industiral\IndustrialTS\examples\utils\data\benchmark_history\real_world_archive\composition_results\BeetleFly\3\56ecb3a3-0d11-4fbf-a753-ae9b257291de\56ecb3a3-0d11-4fbf-a753-ae9b257291de.json
BeetleFly,2,42bec0bf-45d9-4268-861c-ac11ea284ca1,-0.9,0.5,5,4,logit -> quantile_extractor -> mlp -> recurrence_extractor -> wavelet_basis,2.7206247000003714,2024-02-23T13:34:18.626963,D:\data_old\WORK\Repo\Industiral\IndustrialTS\examples\utils\data\benchmark_history\real_world_archive\composition_results\BeetleFly\2\42bec0bf-45d9-4268-861c-ac11ea284ca1\42bec0bf-45d9-4268-861c-ac11ea284ca1.json
BeetleFly,3,42bec0bf-45d9-4268-861c-ac11ea284ca1,-0.9,0.5,5,4,logit -> quantile_extractor -> mlp -> recurrence_extractor -> wavelet_basis,2.718370600000526,2024-02-23T13:42:22.226873,D:\data_old\WORK\Repo\Industiral\IndustrialTS\examples\utils\data\benchmark_history\real_world_archive\composition_results\BeetleFly\3\42bec0bf-45d9-4268-861c-ac11ea284ca1\42bec0bf-45d9-4268-861c-ac11ea284ca1.json
BenzeneConcentration,0,bb57d360-6d11-4ed0-8b3d-6b4b129ae23e,4.199045949030769,0.2,2,2,treg -> quantile_extractor,2079.193580599999,2024-02-09T11:37:20.954158,D:\data_old\WORK\Repo\Industiral\IndustrialTS\examples\utils\data\benchmark_history\real_world_archive\composition_results\BenzeneConcentration\0\bb57d360-6d11-4ed0-8b3d-6b4b129ae23e\bb57d360-6d11-4ed0-8b3d-6b4b129ae23e.json
BenzeneConcentration,1,bb57d360-6d11-4ed0-8b3d-6b4b129ae23e,4.199045949030769,0.2,2,2,treg -> quantile_extractor,2079.193580599999,2024-02-09T11:37:20.954158,D:\data_old\WORK\Repo\Industiral\IndustrialTS\examples\utils\data\benchmark_history\real_world_archive\composition_results\BenzeneConcentration\1\bb57d360-6d11-4ed0-8b3d-6b4b129ae23e\bb57d360-6d11-4ed0-8b3d-6b4b129ae23e.json
BenzeneConcentration,2,bb57d360-6d11-4ed0-8b3d-6b4b129ae23e,4.199045949030769,0.2,2,2,treg -> quantile_extractor,2079.193580599999,2024-02-09T11:37:20.954158,D:\data_old\WORK\Repo\Industiral\IndustrialTS\examples\utils\data\benchmark_history\real_world_archive\composition_results\BenzeneConcentration\2\bb57d360-6d11-4ed0-8b3d-6b4b129ae23e\bb57d360-6d11-4ed0-8b3d-6b4b129ae23e.json
BitcoinSentiment,3,6400d37e-8964-40be-acc1-8c7a90e52675,0.1708547061900909,0.2,2,2,treg -> quantile_extractor,16.776526199995715,2024-02-12T06:16:01.610710,D:\data_old\WORK\Repo\Industiral\IndustrialTS\examples\utils\data\benchmark_history\real_world_archive\composition_results\BitcoinSentiment\3\6400d37e-8964-40be-acc1-8c7a90e52675\6400d37e-8964-40be-acc1-8c7a90e52675.json
BitcoinSentiment,4,6400d37e-8964-40be-acc1-8c7a90e52675,0.1708547061900909,0.2,2,2,treg -> quantile_extractor,16.776526199995715,2024-02-12T06:16:01.610710,D:\data_old\WORK\Repo\Industiral\IndustrialTS\examples\utils\data\benchmark_history\real_world_archive\composition_results\BitcoinSentiment\4\6400d37e-8964-40be-acc1-8c7a90e52675\6400d37e-8964-40be-acc1-8c7a90e52675.json
BitcoinSentiment,1,7e4a9b18-8923-4b89-a191-b52121f81bb2,0.1721862165843774,0.2,2,2,treg -> quantile_extractor,13.82166750000033,2024-02-12T05:35:51.881738,D:\data_old\WORK\Repo\Industiral\IndustrialTS\examples\utils\data\benchmark_history\real_world_archive\composition_results\BitcoinSentiment\1\7e4a9b18-8923-4b89-a191-b52121f81bb2\7e4a9b18-8923-4b89-a191-b52121f81bb2.json
BoronConcentration,0,90295e09-3d66-43ce-942c-28b20619a8df,2.3563948622530884,0.2,2,2,treg -> quantile_extractor,995.3113584999992,2024-02-26T17:58:53.379270,D:\data_old\WORK\Repo\Industiral\IndustrialTS\examples\utils\data\benchmark_history\real_world_archive\composition_results\BoronConcentration\0\90295e09-3d66-43ce-942c-28b20619a8df\90295e09-3d66-43ce-942c-28b20619a8df.json
BoronConcentration,1,90295e09-3d66-43ce-942c-28b20619a8df,2.3563948622530884,0.2,2,2,treg -> quantile_extractor,995.3113584999992,2024-02-26T17:58:53.379270,D:\data_old\WORK\Repo\Industiral\IndustrialTS\examples\utils\data\benchmark_history\real_world_archive\composition_results\BoronConcentration\1\90295e09-3d66-43ce-942c-28b20619a8df\90295e09-3d66-43ce-942c-28b20619a8df.json
BoronConcentration,2,90295e09-3d66-43ce-942c-28b20619a8df,2.3563948622530884,0.2,2,2,treg -> quantile_extractor,995.3113584999992,2024-02-26T17:58:53.379270,D:\data_old\WORK\Repo\Industiral\IndustrialTS\examples\utils\data\benchmark_history\real_world_archive\composition_results\BoronConcentration\2\90295e09-3d66-43ce-942c-28b20619a8df\90295e09-3d66-43ce-942c-28b20619a8df.json
CalciumConcentration,0,51a204e3-bc10-434f-bf29-5d788dce0788,3209.5133306160824,0.2,2,2,treg -> quantile_extractor,2446.7056756999955,2024-02-29T00:45:19.929304,D:\data_old\WORK\Repo\Industiral\IndustrialTS\examples\utils\data\benchmark_history\real_world_archive\composition_results\CalciumConcentration\0\51a204e3-bc10-434f-bf29-5d788dce0788\51a204e3-bc10-434f-bf29-5d788dce0788.json
CalciumConcentration,1,51a204e3-bc10-434f-bf29-5d788dce0788,3209.5133306160824,0.2,2,2,treg -> quantile_extractor,2446.7056756999955,2024-02-29T00:45:19.929304,D:\data_old\WORK\Repo\Industiral\IndustrialTS\examples\utils\data\benchmark_history\real_world_archive\composition_results\CalciumConcentration\1\51a204e3-bc10-434f-bf29-5d788dce0788\51a204e3-bc10-434f-bf29-5d788dce0788.json
CalciumConcentration,2,51a204e3-bc10-434f-bf29-5d788dce0788,3209.5133306160824,0.2,2,2,treg -> quantile_extractor,2446.7056756999955,2024-02-29T00:45:19.929304,D:\data_old\WORK\Repo\Industiral\IndustrialTS\examples\utils\data\benchmark_history\real_world_archive\composition_results\CalciumConcentration\2\51a204e3-bc10-434f-bf29-5d788dce0788\51a204e3-bc10-434f-bf29-5d788dce0788.json
CopperConcentration,0,3e1efe6c-abdb-47dc-97f4-7b8cf7fc2962,1.6864957795116062,0.2,2,2,treg -> quantile_extractor,931.1754446000014,2024-02-26T19:50:01.072341,D:\data_old\WORK\Repo\Industiral\IndustrialTS\examples\utils\data\benchmark_history\real_world_archive\composition_results\CopperConcentration\0\3e1efe6c-abdb-47dc-97f4-7b8cf7fc2962\3e1efe6c-abdb-47dc-97f4-7b8cf7fc2962.json
CopperConcentration,1,3e1efe6c-abdb-47dc-97f4-7b8cf7fc2962,1.6864957795116062,0.2,2,2,treg -> quantile_extractor,931.1754446000014,2024-02-26T19:50:01.072341,D:\data_old\WORK\Repo\Industiral\IndustrialTS\examples\utils\data\benchmark_history\real_world_archive\composition_results\CopperConcentration\1\3e1efe6c-abdb-47dc-97f4-7b8cf7fc2962\3e1efe6c-abdb-47dc-97f4-7b8cf7fc2962.json
CopperConcentration,2,3e1efe6c-abdb-47dc-97f4-7b8cf7fc2962,1.6864957795116062,0.2,2,2,treg -> quantile_extractor,931.1754446000014,2024-02-26T19:50:01.072341,D:\data_old\WORK\Repo\Industiral\IndustrialTS\examples\utils\data\benchmark_history\real_world_archive\composition_results\CopperConcentration\2\3e1efe6c-abdb-47dc-97f4-7b8cf7fc2962\3e1efe6c-abdb-47dc-97f4-7b8cf7fc2962.json
CricketZ,0,37a81ab7-70e6-4168-97a9-57bdfc58aec9,-0.4256410256410256,0.2,2,2,logit -> quantile_extractor,164.8617617,2024-02-24T18:49:29.956284,D:\data_old\WORK\Repo\Industiral\IndustrialTS\examples\utils\data\benchmark_history\real_world_archive\composition_results\CricketZ\0\37a81ab7-70e6-4168-97a9-57bdfc58aec9\37a81ab7-70e6-4168-97a9-57bdfc58aec9.json
CricketZ,1,37a81ab7-70e6-4168-97a9-57bdfc58aec9,-0.4256410256410256,0.2,2,2,logit -> quantile_extractor,164.8617617,2024-02-24T18:49:29.956284,D:\data_old\WORK\Repo\Industiral\IndustrialTS\examples\utils\data\benchmark_history\real_world_archive\composition_results\CricketZ\1\37a81ab7-70e6-4168-97a9-57bdfc58aec9\37a81ab7-70e6-4168-97a9-57bdfc58aec9.json
CricketZ,2,37a81ab7-70e6-4168-97a9-57bdfc58aec9,-0.4256410256410256,0.2,2,2,logit -> quantile_extractor,164.8617617,2024-02-24T18:49:29.956284,D:\data_old\WORK\Repo\Industiral\IndustrialTS\examples\utils\data\benchmark_history\real_world_archive\composition_results\CricketZ\2\37a81ab7-70e6-4168-97a9-57bdfc58aec9\37a81ab7-70e6-4168-97a9-57bdfc58aec9.json
DailyOilGasPrices,0,8185bbb2-5222-42b3-ad15-20a207cc8d36,1.2962222104860472,0.2,2,2,treg -> quantile_extractor,22.1747358,2024-02-25T17:24:14.818002,D:\data_old\WORK\Repo\Industiral\IndustrialTS\examples\utils\data\benchmark_history\real_world_archive\composition_results\DailyOilGasPrices\0\8185bbb2-5222-42b3-ad15-20a207cc8d36\8185bbb2-5222-42b3-ad15-20a207cc8d36.json
DailyOilGasPrices,1,8185bbb2-5222-42b3-ad15-20a207cc8d36,1.2962222104860472,0.2,2,2,treg -> quantile_extractor,22.1747358,2024-02-25T17:24:14.818002,D:\data_old\WORK\Repo\Industiral\IndustrialTS\examples\utils\data\benchmark_history\real_world_archive\composition_results\DailyOilGasPrices\1\8185bbb2-5222-42b3-ad15-20a207cc8d36\8185bbb2-5222-42b3-ad15-20a207cc8d36.json
DailyOilGasPrices,2,8185bbb2-5222-42b3-ad15-20a207cc8d36,1.2962222104860472,0.2,2,2,treg -> quantile_extractor,53.7631808000001,2024-02-25T17:56:16.699977,D:\data_old\WORK\Repo\Industiral\IndustrialTS\examples\utils\data\benchmark_history\real_world_archive\composition_results\DailyOilGasPrices\2\8185bbb2-5222-42b3-ad15-20a207cc8d36\8185bbb2-5222-42b3-ad15-20a207cc8d36.json
DailyTemperatureLatitude,0,f131e64f-5beb-4780-a152-e6830ad3178c,2.4626727250185296,0.2,2,2,treg -> quantile_extractor,8714.8091155,2024-02-26T14:15:57.452583,D:\data_old\WORK\Repo\Industiral\IndustrialTS\examples\utils\data\benchmark_history\real_world_archive\composition_results\DailyTemperatureLatitude\0\f131e64f-5beb-4780-a152-e6830ad3178c\f131e64f-5beb-4780-a152-e6830ad3178c.json
DailyTemperatureLatitude,1,f131e64f-5beb-4780-a152-e6830ad3178c,2.4626727250185296,0.2,2,2,treg -> quantile_extractor,8714.8091155,2024-02-26T14:15:57.452583,D:\data_old\WORK\Repo\Industiral\IndustrialTS\examples\utils\data\benchmark_history\real_world_archive\composition_results\DailyTemperatureLatitude\1\f131e64f-5beb-4780-a152-e6830ad3178c\f131e64f-5beb-4780-a152-e6830ad3178c.json
DailyTemperatureLatitude,2,f131e64f-5beb-4780-a152-e6830ad3178c,2.4626727250185296,0.2,2,2,treg -> quantile_extractor,8714.8091155,2024-02-26T14:15:57.452583,D:\data_old\WORK\Repo\Industiral\IndustrialTS\examples\utils\data\benchmark_history\real_world_archive\composition_results\DailyTemperatureLatitude\2\f131e64f-5beb-4780-a152-e6830ad3178c\f131e64f-5beb-4780-a152-e6830ad3178c.json
DhakaHourlyAirQuality,0,baae207e-a345-4f45-8586-7140b2bcdb17,1.225259894882195,0.2,2,2,treg -> quantile_extractor,71.70945780000001,2024-02-11T00:19:18.630162,D:\data_old\WORK\Repo\Industiral\IndustrialTS\examples\utils\data\benchmark_history\real_world_archive\composition_results\DhakaHourlyAirQuality\0\baae207e-a345-4f45-8586-7140b2bcdb17\baae207e-a345-4f45-8586-7140b2bcdb17.json
DhakaHourlyAirQuality,1,baae207e-a345-4f45-8586-7140b2bcdb17,1.225259894882195,0.2,2,2,treg -> quantile_extractor,71.70945780000001,2024-02-11T00:19:18.630162,D:\data_old\WORK\Repo\Industiral\IndustrialTS\examples\utils\data\benchmark_history\real_world_archive\composition_results\DhakaHourlyAirQuality\1\baae207e-a345-4f45-8586-7140b2bcdb17\baae207e-a345-4f45-8586-7140b2bcdb17.json
DhakaHourlyAirQuality,1,56c2a963-8f92-411a-a020-3ccbf318e3c6,1.2287071798303695,0.3,3,3,treg -> normalization -> quantile_extractor,71.44222979999995,2024-02-11T01:03:10.527848,D:\data_old\WORK\Repo\Industiral\IndustrialTS\examples\utils\data\benchmark_history\real_world_archive\composition_results\DhakaHourlyAirQuality\1\56c2a963-8f92-411a-a020-3ccbf318e3c6\56c2a963-8f92-411a-a020-3ccbf318e3c6.json
ECG200,2,428d824e-ed1d-4cf2-a7fc-48a6eac5f856,-0.9099999999999999,0.6,6,3,logit -> quantile_extractor -> topological_features -> wavelet_basis -> minirocket_extractor -> fourier_basis,22.125716700000112,2024-02-09T13:32:58.982600,D:\data_old\WORK\Repo\Industiral\IndustrialTS\examples\utils\data\benchmark_history\real_world_archive\composition_results\ECG200\2\428d824e-ed1d-4cf2-a7fc-48a6eac5f856\428d824e-ed1d-4cf2-a7fc-48a6eac5f856.json
ECG200,3,428d824e-ed1d-4cf2-a7fc-48a6eac5f856,-0.9099999999999999,0.6,6,3,logit -> quantile_extractor -> topological_features -> wavelet_basis -> minirocket_extractor -> fourier_basis,61.57526389999998,2024-02-09T13:41:54.934568,D:\data_old\WORK\Repo\Industiral\IndustrialTS\examples\utils\data\benchmark_history\real_world_archive\composition_results\ECG200\3\428d824e-ed1d-4cf2-a7fc-48a6eac5f856\428d824e-ed1d-4cf2-a7fc-48a6eac5f856.json
ECG200,3,d5eed3ef-aade-4082-bdbd-b7e82e088aec,-0.9099999999999999,0.6,6,3,logit -> quantile_extractor -> topological_features -> wavelet_basis -> minirocket_extractor -> fourier_basis,61.57526389999998,2024-02-09T13:41:54.934568,D:\data_old\WORK\Repo\Industiral\IndustrialTS\examples\utils\data\benchmark_history\real_world_archive\composition_results\ECG200\3\d5eed3ef-aade-4082-bdbd-b7e82e088aec\d5eed3ef-aade-4082-bdbd-b7e82e088aec.json
EOGHorizontalSignal,1,728f19fc-1aec-4ee1-8492-5e38a3715885,-0.4500380517503805,0.4,4,3,logit -> quantile_extractor -> topological_features -> wavelet_basis,3810.4768269999986,2024-02-24T00:50:27.070450,D:\data_old\WORK\Repo\Industiral\IndustrialTS\examples\utils\data\benchmark_history\real_world_archive\composition_results\EOGHorizontalSignal\1\728f19fc-1aec-4ee1-8492-5e38a3715885\728f19fc-1aec-4ee1-8492-5e38a3715885.json
EOGHorizontalSignal,2,728f19fc-1aec-4ee1-8492-5e38a3715885,-0.4500380517503805,0.4,4,3,logit -> quantile_extractor -> topological_features -> wavelet_basis,3810.4768269999986,2024-02-24T00:50:27.070450,D:\data_old\WORK\Repo\Industiral\IndustrialTS\examples\utils\data\benchmark_history\real_world_archive\composition_results\EOGHorizontalSignal\2\728f19fc-1aec-4ee1-8492-5e38a3715885\728f19fc-1aec-4ee1-8492-5e38a3715885.json
EOGHorizontalSignal,0,71d773b2-e1a8-46d4-8854-e23d39ce0990,-0.4419330289193303,0.2,2,2,logit -> quantile_extractor,267.56131169999935,2024-02-23T23:46:54.368367,D:\data_old\WORK\Repo\Industiral\IndustrialTS\examples\utils\data\benchmark_history\real_world_archive\composition_results\EOGHorizontalSignal\0\71d773b2-e1a8-46d4-8854-e23d39ce0990\71d773b2-e1a8-46d4-8854-e23d39ce0990.json
EOGVerticalSignal,1,0b78f915-de98-474c-b233-9103602699b5,-0.7375570776255708,0.2,2,2,logit -> quantile_extractor,205.1731388999999,2024-02-22T18:35:17.223519,D:\data_old\WORK\Repo\Industiral\IndustrialTS\examples\utils\data\benchmark_history\real_world_archive\composition_results\EOGVerticalSignal\1\0b78f915-de98-474c-b233-9103602699b5\0b78f915-de98-474c-b233-9103602699b5.json
EOGVerticalSignal,2,0b78f915-de98-474c-b233-9103602699b5,-0.7375570776255708,0.2,2,2,logit -> quantile_extractor,205.1731388999999,2024-02-22T18:35:17.223519,D:\data_old\WORK\Repo\Industiral\IndustrialTS\examples\utils\data\benchmark_history\real_world_archive\composition_results\EOGVerticalSignal\2\0b78f915-de98-474c-b233-9103602699b5\0b78f915-de98-474c-b233-9103602699b5.json
EOGVerticalSignal,1,49a90737-16f3-4a96-833f-6ed8b695284c,-0.7042617960426181,0.2,2,2,logit -> quantile_extractor,78.0198805,2024-02-21T19:20:00.472746,D:\data_old\WORK\Repo\Industiral\IndustrialTS\examples\utils\data\benchmark_history\real_world_archive\composition_results\EOGVerticalSignal\1\49a90737-16f3-4a96-833f-6ed8b695284c\49a90737-16f3-4a96-833f-6ed8b695284c.json
EigenWorms,1,e8b0b97f-8266-4d02-a45a-2d9f4060ad2e,-0.9138461538461538,0.2,2,2,logit -> riemann_extractor,11661.3689259,2024-03-12T23:19:59.157901,D:\data_old\WORK\Repo\Industiral\IndustrialTS\examples\utils\data\benchmark_history\real_world_archive\composition_results\EigenWorms\1\e8b0b97f-8266-4d02-a45a-2d9f4060ad2e\e8b0b97f-8266-4d02-a45a-2d9f4060ad2e.json
EigenWorms,2,e8b0b97f-8266-4d02-a45a-2d9f4060ad2e,-0.9138461538461538,0.2,2,2,logit -> riemann_extractor,11661.3689259,2024-03-12T23:19:59.157901,D:\data_old\WORK\Repo\Industiral\IndustrialTS\examples\utils\data\benchmark_history\real_world_archive\composition_results\EigenWorms\2\e8b0b97f-8266-4d02-a45a-2d9f4060ad2e\e8b0b97f-8266-4d02-a45a-2d9f4060ad2e.json
EigenWorms,1,8f18b549-16dc-4bac-8bbc-78c2c0bb72ab,-0.9067692307692308,0.3,3,3,logit -> riemann_extractor -> mlp,11661.3689259,2024-03-12T23:19:59.157901,D:\data_old\WORK\Repo\Industiral\IndustrialTS\examples\utils\data\benchmark_history\real_world_archive\composition_results\EigenWorms\1\8f18b549-16dc-4bac-8bbc-78c2c0bb72ab\8f18b549-16dc-4bac-8bbc-78c2c0bb72ab.json
ElectricMotorTemperature,0,c52534fc-735e-4cef-a996-ff43eb39d053,4.240694852182972,0.2,2,2,treg -> quantile_extractor,8671.1744004,2024-02-25T02:51:39.512041,D:\data_old\WORK\Repo\Industiral\IndustrialTS\examples\utils\data\benchmark_history\real_world_archive\composition_results\ElectricMotorTemperature\0\c52534fc-735e-4cef-a996-ff43eb39d053\c52534fc-735e-4cef-a996-ff43eb39d053.json
ElectricMotorTemperature,1,c52534fc-735e-4cef-a996-ff43eb39d053,4.240694852182972,0.2,2,2,treg -> quantile_extractor,8671.1744004,2024-02-25T02:51:39.512041,D:\data_old\WORK\Repo\Industiral\IndustrialTS\examples\utils\data\benchmark_history\real_world_archive\composition_results\ElectricMotorTemperature\1\c52534fc-735e-4cef-a996-ff43eb39d053\c52534fc-735e-4cef-a996-ff43eb39d053.json
ElectricMotorTemperature,2,c52534fc-735e-4cef-a996-ff43eb39d053,4.240694852182972,0.2,2,2,treg -> quantile_extractor,8671.1744004,2024-02-25T02:51:39.512041,D:\data_old\WORK\Repo\Industiral\IndustrialTS\examples\utils\data\benchmark_history\real_world_archive\composition_results\ElectricMotorTemperature\2\c52534fc-735e-4cef-a996-ff43eb39d053\c52534fc-735e-4cef-a996-ff43eb39d053.json
ElectricityPredictor,1,ba7e8d50-9c93-4bec-8eb6-6fa38d6ac1a9,381.53301763495864,0.4,4,3,treg -> quantile_extractor -> topological_features -> wavelet_basis,441.7477463999985,2024-02-12T01:10:27.242486,D:\data_old\WORK\Repo\Industiral\IndustrialTS\examples\utils\data\benchmark_history\real_world_archive\composition_results\ElectricityPredictor\1\ba7e8d50-9c93-4bec-8eb6-6fa38d6ac1a9\ba7e8d50-9c93-4bec-8eb6-6fa38d6ac1a9.json
ElectricityPredictor,2,ba7e8d50-9c93-4bec-8eb6-6fa38d6ac1a9,381.53301763495864,0.4,4,3,treg -> quantile_extractor -> topological_features -> wavelet_basis,441.7477463999985,2024-02-12T01:10:27.242486,D:\data_old\WORK\Repo\Industiral\IndustrialTS\examples\utils\data\benchmark_history\real_world_archive\composition_results\ElectricityPredictor\2\ba7e8d50-9c93-4bec-8eb6-6fa38d6ac1a9\ba7e8d50-9c93-4bec-8eb6-6fa38d6ac1a9.json
ElectricityPredictor,1,ee0305bb-1202-49f2-b813-b8140cf4e007,390.27599142299823,0.2,2,2,treg -> quantile_extractor,441.7477463999985,2024-02-12T01:10:27.242486,D:\data_old\WORK\Repo\Industiral\IndustrialTS\examples\utils\data\benchmark_history\real_world_archive\composition_results\ElectricityPredictor\1\ee0305bb-1202-49f2-b813-b8140cf4e007\ee0305bb-1202-49f2-b813-b8140cf4e007.json
EthanolConcentration,0,ba1a98c8-07bc-4c59-92f5-933c68bc960b,-0.39092888243831636,0.2,2,2,logit -> riemann_extractor,5.722551199999998,2024-03-12T13:18:02.122218,D:\data_old\WORK\Repo\Industiral\IndustrialTS\examples\utils\data\benchmark_history\real_world_archive\composition_results\EthanolConcentration\0\ba1a98c8-07bc-4c59-92f5-933c68bc960b\ba1a98c8-07bc-4c59-92f5-933c68bc960b.json
EthanolConcentration,0,86b5b7a7-f267-4973-9850-99c55fdadb53,-0.36770682148040634,0.2,2,2,logit -> riemann_extractor,2.479295999999998,2024-03-12T12:49:15.519756,D:\data_old\WORK\Repo\Industiral\IndustrialTS\examples\utils\data\benchmark_history\real_world_archive\composition_results\EthanolConcentration\0\86b5b7a7-f267-4973-9850-99c55fdadb53\86b5b7a7-f267-4973-9850-99c55fdadb53.json
EthanolConcentration,1,5f06bc4c-3aca-4b23-a053-bb7e1948d8a7,-0.36052249637155304,0.2,2,2,logit -> riemann_extractor,9.03564330000006,2024-03-12T13:39:59.880369,D:\data_old\WORK\Repo\Industiral\IndustrialTS\examples\utils\data\benchmark_history\real_world_archive\composition_results\EthanolConcentration\1\5f06bc4c-3aca-4b23-a053-bb7e1948d8a7\5f06bc4c-3aca-4b23-a053-bb7e1948d8a7.json
EthanolLevel,1,7478dbac-3a27-4c86-af51-7012a81492a3,-0.736059405940594,0.2,2,2,logit -> wavelet_basis,3637.070378799999,2024-02-23T23:42:14.130172,D:\data_old\WORK\Repo\Industiral\IndustrialTS\examples\utils\data\benchmark_history\real_world_archive\composition_results\EthanolLevel\1\7478dbac-3a27-4c86-af51-7012a81492a3\7478dbac-3a27-4c86-af51-7012a81492a3.json
EthanolLevel,2,7478dbac-3a27-4c86-af51-7012a81492a3,-0.736059405940594,0.2,2,2,logit -> wavelet_basis,3637.070378799999,2024-02-23T23:42:14.130172,D:\data_old\WORK\Repo\Industiral\IndustrialTS\examples\utils\data\benchmark_history\real_world_archive\composition_results\EthanolLevel\2\7478dbac-3a27-4c86-af51-7012a81492a3\7478dbac-3a27-4c86-af51-7012a81492a3.json
EthanolLevel,1,bbc8e7cf-cc39-48fc-abe8-a3e59e211091,-0.7003564356435643,0.2,2,2,logit -> quantile_extractor,3637.070378799999,2024-02-23T23:42:14.130172,D:\data_old\WORK\Repo\Industiral\IndustrialTS\examples\utils\data\benchmark_history\real_world_archive\composition_results\EthanolLevel\1\bbc8e7cf-cc39-48fc-abe8-a3e59e211091\bbc8e7cf-cc39-48fc-abe8-a3e59e211091.json
EthereumSentiment,1,7b607d51-93f0-429e-9f12-600d93ac0117,0.2297991329601785,0.2,2,2,treg -> quantile_extractor,17.854491099998995,2024-02-12T04:17:07.745575,D:\data_old\WORK\Repo\Industiral\IndustrialTS\examples\utils\data\benchmark_history\real_world_archive\composition_results\EthereumSentiment\1\7b607d51-93f0-429e-9f12-600d93ac0117\7b607d51-93f0-429e-9f12-600d93ac0117.json
EthereumSentiment,2,7b607d51-93f0-429e-9f12-600d93ac0117,0.2297991329601785,0.2,2,2,treg -> quantile_extractor,17.854491099998995,2024-02-12T04:17:07.745575,D:\data_old\WORK\Repo\Industiral\IndustrialTS\examples\utils\data\benchmark_history\real_world_archive\composition_results\EthereumSentiment\2\7b607d51-93f0-429e-9f12-600d93ac0117\7b607d51-93f0-429e-9f12-600d93ac0117.json
EthereumSentiment,1,c9379bde-e045-4695-93a7-6cfb60678272,0.23012674311928163,0.2,2,2,treg -> quantile_extractor,17.854491099998995,2024-02-12T04:17:07.745575,D:\data_old\WORK\Repo\Industiral\IndustrialTS\examples\utils\data\benchmark_history\real_world_archive\composition_results\EthereumSentiment\1\c9379bde-e045-4695-93a7-6cfb60678272\c9379bde-e045-4695-93a7-6cfb60678272.json
FaceFour,4,1e76b487-bb7e-4234-b6c8-e9f36c59909d,-0.96,0.3,3,2,logit -> quantile_extractor -> scaling,73.65437519999978,2024-02-24T02:38:19.934108,D:\data_old\WORK\Repo\Industiral\IndustrialTS\examples\utils\data\benchmark_history\real_world_archive\composition_results\FaceFour\4\1e76b487-bb7e-4234-b6c8-e9f36c59909d\1e76b487-bb7e-4234-b6c8-e9f36c59909d.json
FaceFour,4,f5163b9a-d233-4e82-98fb-f96ba1c5e263,-0.96,0.3,3,3,logit -> quantile_extractor -> scaling,73.65437519999978,2024-02-24T02:38:19.934108,D:\data_old\WORK\Repo\Industiral\IndustrialTS\examples\utils\data\benchmark_history\real_world_archive\composition_results\FaceFour\4\f5163b9a-d233-4e82-98fb-f96ba1c5e263\f5163b9a-d233-4e82-98fb-f96ba1c5e263.json
FaceFour,5,f5163b9a-d233-4e82-98fb-f96ba1c5e263,-0.96,0.3,3,3,logit -> quantile_extractor -> scaling,73.65437519999978,2024-02-24T02:38:19.934108,D:\data_old\WORK\Repo\Industiral\IndustrialTS\examples\utils\data\benchmark_history\real_world_archive\composition_results\FaceFour\5\f5163b9a-d233-4e82-98fb-f96ba1c5e263\f5163b9a-d233-4e82-98fb-f96ba1c5e263.json
FacesUCR,1,68652ec3-8e86-4411-8f33-8d5876be1ea4,-0.93,0.2,2,2,logit -> quantile_extractor,182.1348607999971,2024-02-24T22:42:47.768234,D:\data_old\WORK\Repo\Industiral\IndustrialTS\examples\utils\data\benchmark_history\real_world_archive\composition_results\FacesUCR\1\68652ec3-8e86-4411-8f33-8d5876be1ea4\68652ec3-8e86-4411-8f33-8d5876be1ea4.json
FacesUCR,2,68652ec3-8e86-4411-8f33-8d5876be1ea4,-0.93,0.2,2,2,logit -> quantile_extractor,182.1348607999971,2024-02-24T22:42:47.768234,D:\data_old\WORK\Repo\Industiral\IndustrialTS\examples\utils\data\benchmark_history\real_world_archive\composition_results\FacesUCR\2\68652ec3-8e86-4411-8f33-8d5876be1ea4\68652ec3-8e86-4411-8f33-8d5876be1ea4.json
FacesUCR,1,638a2fe8-e3af-42da-b7ed-77cba0e1fd48,-0.67,0.2,2,2,logit -> eigen_basis,182.1348607999971,2024-02-24T22:42:47.768234,D:\data_old\WORK\Repo\Industiral\IndustrialTS\examples\utils\data\benchmark_history\real_world_archive\composition_results\FacesUCR\1\638a2fe8-e3af-42da-b7ed-77cba0e1fd48\638a2fe8-e3af-42da-b7ed-77cba0e1fd48.json
FloodModeling1,1,44608077-6818-4988-93e9-501be40571dd,0.007281097710036047,0.3,3,3,treg -> quantile_extractor -> wavelet_basis,279.98755080000046,2024-02-09T00:13:11.856947,D:\data_old\WORK\Repo\Industiral\IndustrialTS\examples\utils\data\benchmark_history\real_world_archive\composition_results\FloodModeling1\1\44608077-6818-4988-93e9-501be40571dd\44608077-6818-4988-93e9-501be40571dd.json
FloodModeling1,2,44608077-6818-4988-93e9-501be40571dd,0.007281097710036047,0.3,3,3,treg -> quantile_extractor -> wavelet_basis,279.98755080000046,2024-02-09T00:13:11.856947,D:\data_old\WORK\Repo\Industiral\IndustrialTS\examples\utils\data\benchmark_history\real_world_archive\composition_results\FloodModeling1\2\44608077-6818-4988-93e9-501be40571dd\44608077-6818-4988-93e9-501be40571dd.json
FloodModeling1,0,d79e91ec-01c8-42e8-a608-8bc5b9c61bf2,0.008852827427318754,0.2,2,2,treg -> quantile_extractor,48.747181499999996,2024-02-08T22:53:30.994115,D:\data_old\WORK\Repo\Industiral\IndustrialTS\examples\utils\data\benchmark_history\real_world_archive\composition_results\FloodModeling1\0\d79e91ec-01c8-42e8-a608-8bc5b9c61bf2\d79e91ec-01c8-42e8-a608-8bc5b9c61bf2.json
FloodModeling2,2,2997ad17-0a62-4f93-9f8d-a64fd7121ee4,0.003180048838851985,0.5,5,3,treg -> quantile_extractor -> topological_features -> quantile_extractor -> fourier_basis,70.7009167999995,2024-02-09T02:08:34.756489,D:\data_old\WORK\Repo\Industiral\IndustrialTS\examples\utils\data\benchmark_history\real_world_archive\composition_results\FloodModeling2\2\2997ad17-0a62-4f93-9f8d-a64fd7121ee4\2997ad17-0a62-4f93-9f8d-a64fd7121ee4.json
FloodModeling2,3,2997ad17-0a62-4f93-9f8d-a64fd7121ee4,0.003180048838851985,0.5,5,3,treg -> quantile_extractor -> topological_features -> quantile_extractor -> fourier_basis,70.7009167999995,2024-02-09T02:08:34.756489,D:\data_old\WORK\Repo\Industiral\IndustrialTS\examples\utils\data\benchmark_history\real_world_archive\composition_results\FloodModeling2\3\2997ad17-0a62-4f93-9f8d-a64fd7121ee4\2997ad17-0a62-4f93-9f8d-a64fd7121ee4.json
FloodModeling2,1,8024ee24-f473-45a2-b12f-6d2a92272826,0.003923380712294316,0.4,4,3,treg -> quantile_extractor -> topological_features -> eigen_basis,115.85382489999984,2024-02-09T01:08:28.894351,D:\data_old\WORK\Repo\Industiral\IndustrialTS\examples\utils\data\benchmark_history\real_world_archive\composition_results\FloodModeling2\1\8024ee24-f473-45a2-b12f-6d2a92272826\8024ee24-f473-45a2-b12f-6d2a92272826.json
FloodModeling3,1,0f75225f-6803-4149-9d2a-be12f08f1ade,0.005357986717892108,0.4,4,3,treg -> quantile_extractor -> topological_features -> fourier_basis,413.8152422999997,2024-02-09T10:30:04.792668,D:\data_old\WORK\Repo\Industiral\IndustrialTS\examples\utils\data\benchmark_history\real_world_archive\composition_results\FloodModeling3\1\0f75225f-6803-4149-9d2a-be12f08f1ade\0f75225f-6803-4149-9d2a-be12f08f1ade.json
FloodModeling3,2,0f75225f-6803-4149-9d2a-be12f08f1ade,0.005357986717892108,0.4,4,3,treg -> quantile_extractor -> topological_features -> fourier_basis,413.8152422999997,2024-02-09T10:30:04.792668,D:\data_old\WORK\Repo\Industiral\IndustrialTS\examples\utils\data\benchmark_history\real_world_archive\composition_results\FloodModeling3\2\0f75225f-6803-4149-9d2a-be12f08f1ade\0f75225f-6803-4149-9d2a-be12f08f1ade.json
FloodModeling3,1,2511c79d-b48c-4555-96a3-67b5180ec837,0.005364300024398185,0.2,2,2,treg -> quantile_extractor,413.8152422999997,2024-02-09T10:30:04.792668,D:\data_old\WORK\Repo\Industiral\IndustrialTS\examples\utils\data\benchmark_history\real_world_archive\composition_results\FloodModeling3\1\2511c79d-b48c-4555-96a3-67b5180ec837\2511c79d-b48c-4555-96a3-67b5180ec837.json
Fungi,4,53b74a51-0e44-4b95-978a-cef2a72c7f2a,-0.05,0.5,5,3,omniscale_model -> topological_features -> fourier_basis -> mlp -> quantile_extractor,94.24017550000008,2024-02-09T15:06:44.441200,D:\data_old\WORK\Repo\Industiral\IndustrialTS\examples\utils\data\benchmark_history\real_world_archive\composition_results\Fungi\4\53b74a51-0e44-4b95-978a-cef2a72c7f2a\53b74a51-0e44-4b95-978a-cef2a72c7f2a.json
Fungi,4,7917b5d5-123f-4e02-8f32-7bb3ecb39166,-0.05,0.5,5,3,omniscale_model -> quantile_extractor -> topological_features -> topological_features -> wavelet_basis,94.24017550000008,2024-02-09T15:06:44.441200,D:\data_old\WORK\Repo\Industiral\IndustrialTS\examples\utils\data\benchmark_history\real_world_archive\composition_results\Fungi\4\7917b5d5-123f-4e02-8f32-7bb3ecb39166\7917b5d5-123f-4e02-8f32-7bb3ecb39166.json
Fungi,4,c4016ae4-7527-4f3a-a965-bce1a0a27469,-0.05,0.5,5,3,omniscale_model -> quantile_extractor -> topological_features -> quantile_extractor -> eigen_basis,94.24017550000008,2024-02-09T15:06:44.441200,D:\data_old\WORK\Repo\Industiral\IndustrialTS\examples\utils\data\benchmark_history\real_world_archive\composition_results\Fungi\4\c4016ae4-7527-4f3a-a965-bce1a0a27469\c4016ae4-7527-4f3a-a965-bce1a0a27469.json
GasSensorArrayAcetone,1,c24fa142-f2e0-4924-b749-bea98bf43eb1,0.23035450235416363,0.3,3,3,treg -> scaling -> quantile_extractor,2017.2399418999994,2024-02-12T09:59:23.907340,D:\data_old\WORK\Repo\Industiral\IndustrialTS\examples\utils\data\benchmark_history\real_world_archive\composition_results\GasSensorArrayAcetone\1\c24fa142-f2e0-4924-b749-bea98bf43eb1\c24fa142-f2e0-4924-b749-bea98bf43eb1.json
GasSensorArrayAcetone,2,c24fa142-f2e0-4924-b749-bea98bf43eb1,0.23035450235416363,0.3,3,3,treg -> scaling -> quantile_extractor,2017.2399418999994,2024-02-12T09:59:23.907340,D:\data_old\WORK\Repo\Industiral\IndustrialTS\examples\utils\data\benchmark_history\real_world_archive\composition_results\GasSensorArrayAcetone\2\c24fa142-f2e0-4924-b749-bea98bf43eb1\c24fa142-f2e0-4924-b749-bea98bf43eb1.json
GasSensorArrayAcetone,0,f93d378b-4831-43da-b2cc-97213ae8fa39,0.23341883228374494,0.2,2,2,treg -> quantile_extractor,1135.0039768999995,2024-02-12T09:06:14.014796,D:\data_old\WORK\Repo\Industiral\IndustrialTS\examples\utils\data\benchmark_history\real_world_archive\composition_results\GasSensorArrayAcetone\0\f93d378b-4831-43da-b2cc-97213ae8fa39\f93d378b-4831-43da-b2cc-97213ae8fa39.json
GasSensorArrayEthanol,0,7be7586c-b5e6-461b-99ee-40da81bf4138,0.20855423581463145,0.2,2,2,treg -> quantile_extractor,800.8245174000003,2024-02-12T16:03:41.392251,D:\data_old\WORK\Repo\Industiral\IndustrialTS\examples\utils\data\benchmark_history\real_world_archive\composition_results\GasSensorArrayEthanol\0\7be7586c-b5e6-461b-99ee-40da81bf4138\7be7586c-b5e6-461b-99ee-40da81bf4138.json
GasSensorArrayEthanol,0,a94e5520-82aa-42ae-b794-1439c9074e66,0.21295207624634735,0.2,2,2,treg -> quantile_extractor,978.3107643999974,2024-02-12T10:54:27.763268,D:\data_old\WORK\Repo\Industiral\IndustrialTS\examples\utils\data\benchmark_history\real_world_archive\composition_results\GasSensorArrayEthanol\0\a94e5520-82aa-42ae-b794-1439c9074e66\a94e5520-82aa-42ae-b794-1439c9074e66.json
Handwriting,1,6d7c7484-d7c8-4241-9ff7-0eb52f97c685,-0.4666666666666667,0.3,3,3,logit -> riemann_extractor -> wavelet_basis,1.383708399999989,2024-03-12T19:32:07.866554,D:\data_old\WORK\Repo\Industiral\IndustrialTS\examples\utils\data\benchmark_history\real_world_archive\composition_results\Handwriting\1\6d7c7484-d7c8-4241-9ff7-0eb52f97c685\6d7c7484-d7c8-4241-9ff7-0eb52f97c685.json
Handwriting,2,6d7c7484-d7c8-4241-9ff7-0eb52f97c685,-0.4666666666666667,0.3,3,3,logit -> riemann_extractor -> wavelet_basis,1.383708399999989,2024-03-12T19:32:07.866554,D:\data_old\WORK\Repo\Industiral\IndustrialTS\examples\utils\data\benchmark_history\real_world_archive\composition_results\Handwriting\2\6d7c7484-d7c8-4241-9ff7-0eb52f97c685\6d7c7484-d7c8-4241-9ff7-0eb52f97c685.json
Handwriting,1,e7060554-1c90-4ac9-a0d5-d47e71f2d6ee,-0.3,0.4,4,3,logit -> riemann_extractor -> minirocket_extractor -> fourier_basis,1.383708399999989,2024-03-12T19:32:07.866554,D:\data_old\WORK\Repo\Industiral\IndustrialTS\examples\utils\data\benchmark_history\real_world_archive\composition_results\Handwriting\1\e7060554-1c90-4ac9-a0d5-d47e71f2d6ee\e7060554-1c90-4ac9-a0d5-d47e71f2d6ee.json
HotwaterPredictor,1,4e3fde42-979a-4092-8f15-fff6bd269d0c,1027.9844923684898,0.4,4,3,treg -> quantile_extractor -> topological_features -> fourier_basis,58.65276619999986,2024-02-10T21:17:24.255712,D:\data_old\WORK\Repo\Industiral\IndustrialTS\examples\utils\data\benchmark_history\real_world_archive\composition_results\HotwaterPredictor\1\4e3fde42-979a-4092-8f15-fff6bd269d0c\4e3fde42-979a-4092-8f15-fff6bd269d0c.json
HotwaterPredictor,2,4e3fde42-979a-4092-8f15-fff6bd269d0c,1027.9844923684898,0.4,4,3,treg -> quantile_extractor -> topological_features -> fourier_basis,58.65276619999986,2024-02-10T21:17:24.255712,D:\data_old\WORK\Repo\Industiral\IndustrialTS\examples\utils\data\benchmark_history\real_world_archive\composition_results\HotwaterPredictor\2\4e3fde42-979a-4092-8f15-fff6bd269d0c\4e3fde42-979a-4092-8f15-fff6bd269d0c.json
HotwaterPredictor,3,4e3fde42-979a-4092-8f15-fff6bd269d0c,1027.9844923684898,0.4,4,3,treg -> quantile_extractor -> topological_features -> fourier_basis,58.65276619999986,2024-02-10T21:17:24.255712,D:\data_old\WORK\Repo\Industiral\IndustrialTS\examples\utils\data\benchmark_history\real_world_archive\composition_results\HotwaterPredictor\3\4e3fde42-979a-4092-8f15-fff6bd269d0c\4e3fde42-979a-4092-8f15-fff6bd269d0c.json
IEEEPPG,0,67fb11e6-0499-45c7-a953-4482de8a5d5f,5.9172129085310665,0.2,2,2,treg -> quantile_extractor,1509.6816657,2024-02-11T21:06:25.795281,D:\data_old\WORK\Repo\Industiral\IndustrialTS\examples\utils\data\benchmark_history\real_world_archive\composition_results\IEEEPPG\0\67fb11e6-0499-45c7-a953-4482de8a5d5f\67fb11e6-0499-45c7-a953-4482de8a5d5f.json
IEEEPPG,1,67fb11e6-0499-45c7-a953-4482de8a5d5f,5.9172129085310665,0.2,2,2,treg -> quantile_extractor,1509.6816657,2024-02-11T21:06:25.795281,D:\data_old\WORK\Repo\Industiral\IndustrialTS\examples\utils\data\benchmark_history\real_world_archive\composition_results\IEEEPPG\1\67fb11e6-0499-45c7-a953-4482de8a5d5f\67fb11e6-0499-45c7-a953-4482de8a5d5f.json
IEEEPPG,2,67fb11e6-0499-45c7-a953-4482de8a5d5f,5.9172129085310665,0.2,2,2,treg -> quantile_extractor,1509.6816657,2024-02-11T21:06:25.795281,D:\data_old\WORK\Repo\Industiral\IndustrialTS\examples\utils\data\benchmark_history\real_world_archive\composition_results\IEEEPPG\2\67fb11e6-0499-45c7-a953-4482de8a5d5f\67fb11e6-0499-45c7-a953-4482de8a5d5f.json
InlineSkate,1,e9b2ea46-f107-4c12-9dc7-15a865a1aea7,-0.41000000000000003,0.3,3,3,logit -> dt -> quantile_extractor,1439.7508291999984,2024-02-23T21:26:13.880713,D:\data_old\WORK\Repo\Industiral\IndustrialTS\examples\utils\data\benchmark_history\real_world_archive\composition_results\InlineSkate\1\e9b2ea46-f107-4c12-9dc7-15a865a1aea7\e9b2ea46-f107-4c12-9dc7-15a865a1aea7.json
InlineSkate,2,e9b2ea46-f107-4c12-9dc7-15a865a1aea7,-0.41000000000000003,0.3,3,3,logit -> dt -> quantile_extractor,1439.7508291999984,2024-02-23T21:26:13.880713,D:\data_old\WORK\Repo\Industiral\IndustrialTS\examples\utils\data\benchmark_history\real_world_archive\composition_results\InlineSkate\2\e9b2ea46-f107-4c12-9dc7-15a865a1aea7\e9b2ea46-f107-4c12-9dc7-15a865a1aea7.json
InlineSkate,1,162990a3-3961-486f-a4f7-7b78ec7d971f,-0.4,0.2,2,2,logit -> quantile_extractor,1439.7508291999984,2024-02-23T21:26:13.880713,D:\data_old\WORK\Repo\Industiral\IndustrialTS\examples\utils\data\benchmark_history\real_world_archive\composition_results\InlineSkate\1\162990a3-3961-486f-a4f7-7b78ec7d971f\162990a3-3961-486f-a4f7-7b78ec7d971f.json
InsectEPGRegularTrain,1,68e3f537-b942-453d-b168-0105413071c0,-1.0,0.4,4,3,logit -> quantile_extractor -> topological_features -> wavelet_basis,217.75578929999995,2024-02-09T15:44:15.858704,D:\data_old\WORK\Repo\Industiral\IndustrialTS\examples\utils\data\benchmark_history\real_world_archive\composition_results\InsectEPGRegularTrain\1\68e3f537-b942-453d-b168-0105413071c0\68e3f537-b942-453d-b168-0105413071c0.json
InsectEPGRegularTrain,1,6f185913-48f1-421a-97e9-74decccb7bf6,-1.0,0.4,4,3,logit -> quantile_extractor -> topological_features -> eigen_basis,217.75578929999995,2024-02-09T15:44:15.858704,D:\data_old\WORK\Repo\Industiral\IndustrialTS\examples\utils\data\benchmark_history\real_world_archive\composition_results\InsectEPGRegularTrain\1\6f185913-48f1-421a-97e9-74decccb7bf6\6f185913-48f1-421a-97e9-74decccb7bf6.json
InsectEPGRegularTrain,2,68e3f537-b942-453d-b168-0105413071c0,-1.0,0.4,4,3,logit -> quantile_extractor -> topological_features -> wavelet_basis,217.75578929999995,2024-02-09T15:44:15.858704,D:\data_old\WORK\Repo\Industiral\IndustrialTS\examples\utils\data\benchmark_history\real_world_archive\composition_results\InsectEPGRegularTrain\2\68e3f537-b942-453d-b168-0105413071c0\68e3f537-b942-453d-b168-0105413071c0.json
InsectWingbeatSound,1,808d3584-146b-4b68-b659-91170ac0c590,-0.5590909090909091,0.2,2,2,logit -> quantile_extractor,91.85721019999983,2024-02-09T16:51:17.667180,D:\data_old\WORK\Repo\Industiral\IndustrialTS\examples\utils\data\benchmark_history\real_world_archive\composition_results\InsectWingbeatSound\1\808d3584-146b-4b68-b659-91170ac0c590\808d3584-146b-4b68-b659-91170ac0c590.json
InsectWingbeatSound,2,808d3584-146b-4b68-b659-91170ac0c590,-0.5590909090909091,0.2,2,2,logit -> quantile_extractor,91.85721019999983,2024-02-09T16:51:17.667180,D:\data_old\WORK\Repo\Industiral\IndustrialTS\examples\utils\data\benchmark_history\real_world_archive\composition_results\InsectWingbeatSound\2\808d3584-146b-4b68-b659-91170ac0c590\808d3584-146b-4b68-b659-91170ac0c590.json
InsectWingbeatSound,1,2b025015-87fe-49a8-be5b-875547f36333,-0.5454545454545454,0.4,4,3,logit -> quantile_extractor -> minirocket_extractor -> fourier_basis,91.85721019999983,2024-02-09T16:51:17.667180,D:\data_old\WORK\Repo\Industiral\IndustrialTS\examples\utils\data\benchmark_history\real_world_archive\composition_results\InsectWingbeatSound\1\2b025015-87fe-49a8-be5b-875547f36333\2b025015-87fe-49a8-be5b-875547f36333.json
IronConcentration,1,be2c2a2c-6fd3-483b-ae9b-82ae1661b806,79.43114806022804,0.4,4,3,treg -> quantile_extractor -> topological_features -> fourier_basis,6581.6395586,2024-02-26T23:22:49.125019,D:\data_old\WORK\Repo\Industiral\IndustrialTS\examples\utils\data\benchmark_history\real_world_archive\composition_results\IronConcentration\1\be2c2a2c-6fd3-483b-ae9b-82ae1661b806\be2c2a2c-6fd3-483b-ae9b-82ae1661b806.json
IronConcentration,2,be2c2a2c-6fd3-483b-ae9b-82ae1661b806,79.43114806022804,0.4,4,3,treg -> quantile_extractor -> topological_features -> fourier_basis,6581.6395586,2024-02-26T23:22:49.125019,D:\data_old\WORK\Repo\Industiral\IndustrialTS\examples\utils\data\benchmark_history\real_world_archive\composition_results\IronConcentration\2\be2c2a2c-6fd3-483b-ae9b-82ae1661b806\be2c2a2c-6fd3-483b-ae9b-82ae1661b806.json
IronConcentration,0,36b87a17-afa4-4c28-933d-4f23588ec871,80.25173974806346,0.2,2,2,treg -> quantile_extractor,622.3369678999989,2024-02-26T21:33:06.393985,D:\data_old\WORK\Repo\Industiral\IndustrialTS\examples\utils\data\benchmark_history\real_world_archive\composition_results\IronConcentration\0\36b87a17-afa4-4c28-933d-4f23588ec871\36b87a17-afa4-4c28-933d-4f23588ec871.json
LPGasMonitoringHomeActivity,1,b4e475a1-a718-43ab-9d14-310bd5c61d01,1.2564540298697136,0.2,2,2,treg -> quantile_extractor,1451.8837908000005,2024-02-26T15:33:45.935788,D:\data_old\WORK\Repo\Industiral\IndustrialTS\examples\utils\data\benchmark_history\real_world_archive\composition_results\LPGasMonitoringHomeActivity\1\b4e475a1-a718-43ab-9d14-310bd5c61d01\b4e475a1-a718-43ab-9d14-310bd5c61d01.json
LPGasMonitoringHomeActivity,2,b4e475a1-a718-43ab-9d14-310bd5c61d01,1.2564540298697136,0.2,2,2,treg -> quantile_extractor,1451.8837908000005,2024-02-26T15:33:45.935788,D:\data_old\WORK\Repo\Industiral\IndustrialTS\examples\utils\data\benchmark_history\real_world_archive\composition_results\LPGasMonitoringHomeActivity\2\b4e475a1-a718-43ab-9d14-310bd5c61d01\b4e475a1-a718-43ab-9d14-310bd5c61d01.json
LPGasMonitoringHomeActivity,0,ad419d4f-3fb4-4600-babd-f09d2ad9bdce,1.2856180294708304,0.2,2,2,treg -> quantile_extractor,235.75439540000002,2024-02-26T14:26:44.291617,D:\data_old\WORK\Repo\Industiral\IndustrialTS\examples\utils\data\benchmark_history\real_world_archive\composition_results\LPGasMonitoringHomeActivity\0\ad419d4f-3fb4-4600-babd-f09d2ad9bdce\ad419d4f-3fb4-4600-babd-f09d2ad9bdce.json
LargeKitchenAppliances,1,8b8dfb6d-e9ea-4f3f-82ef-cf6a32e2ccad,-0.8186666666666668,0.2,2,2,rf -> quantile_extractor,809.1553105000003,2024-02-22T19:43:19.521415,D:\data_old\WORK\Repo\Industiral\IndustrialTS\examples\utils\data\benchmark_history\real_world_archive\composition_results\LargeKitchenAppliances\1\8b8dfb6d-e9ea-4f3f-82ef-cf6a32e2ccad\8b8dfb6d-e9ea-4f3f-82ef-cf6a32e2ccad.json
LargeKitchenAppliances,2,8b8dfb6d-e9ea-4f3f-82ef-cf6a32e2ccad,-0.8186666666666668,0.2,2,2,rf -> quantile_extractor,809.1553105000003,2024-02-22T19:43:19.521415,D:\data_old\WORK\Repo\Industiral\IndustrialTS\examples\utils\data\benchmark_history\real_world_archive\composition_results\LargeKitchenAppliances\2\8b8dfb6d-e9ea-4f3f-82ef-cf6a32e2ccad\8b8dfb6d-e9ea-4f3f-82ef-cf6a32e2ccad.json
LargeKitchenAppliances,1,667755d3-ad65-4534-85cc-1156bc544914,-0.8133333333333332,0.2,2,2,logit -> quantile_extractor,60.11128099999951,2024-02-23T01:31:09.238956,D:\data_old\WORK\Repo\Industiral\IndustrialTS\examples\utils\data\benchmark_history\real_world_archive\composition_results\LargeKitchenAppliances\1\667755d3-ad65-4534-85cc-1156bc544914\667755d3-ad65-4534-85cc-1156bc544914.json
MagnesiumConcentration,0,971b4211-d2d1-4f3e-b0df-6436731961d7,262.7453141387101,0.2,2,2,treg -> quantile_extractor,14590.894333200002,2024-02-28T01:46:31.734941,D:\data_old\WORK\Repo\Industiral\IndustrialTS\examples\utils\data\benchmark_history\real_world_archive\composition_results\MagnesiumConcentration\0\971b4211-d2d1-4f3e-b0df-6436731961d7\971b4211-d2d1-4f3e-b0df-6436731961d7.json
MagnesiumConcentration,1,971b4211-d2d1-4f3e-b0df-6436731961d7,262.7453141387101,0.2,2,2,treg -> quantile_extractor,14590.894333200002,2024-02-28T01:46:31.734941,D:\data_old\WORK\Repo\Industiral\IndustrialTS\examples\utils\data\benchmark_history\real_world_archive\composition_results\MagnesiumConcentration\1\971b4211-d2d1-4f3e-b0df-6436731961d7\971b4211-d2d1-4f3e-b0df-6436731961d7.json
MagnesiumConcentration,2,971b4211-d2d1-4f3e-b0df-6436731961d7,262.7453141387101,0.2,2,2,treg -> quantile_extractor,14590.894333200002,2024-02-28T01:46:31.734941,D:\data_old\WORK\Repo\Industiral\IndustrialTS\examples\utils\data\benchmark_history\real_world_archive\composition_results\MagnesiumConcentration\2\971b4211-d2d1-4f3e-b0df-6436731961d7\971b4211-d2d1-4f3e-b0df-6436731961d7.json
ManganeseConcentration,1,6e7aa28f-5e2e-4c48-91e2-da5af4fc1da3,89.88856917039033,0.2,2,2,treg -> quantile_extractor,2003.9490607000043,2024-02-27T00:52:28.748308,D:\data_old\WORK\Repo\Industiral\IndustrialTS\examples\utils\data\benchmark_history\real_world_archive\composition_results\ManganeseConcentration\1\6e7aa28f-5e2e-4c48-91e2-da5af4fc1da3\6e7aa28f-5e2e-4c48-91e2-da5af4fc1da3.json
ManganeseConcentration,2,6e7aa28f-5e2e-4c48-91e2-da5af4fc1da3,89.88856917039033,0.2,2,2,treg -> quantile_extractor,2003.9490607000043,2024-02-27T00:52:28.748308,D:\data_old\WORK\Repo\Industiral\IndustrialTS\examples\utils\data\benchmark_history\real_world_archive\composition_results\ManganeseConcentration\2\6e7aa28f-5e2e-4c48-91e2-da5af4fc1da3\6e7aa28f-5e2e-4c48-91e2-da5af4fc1da3.json
ManganeseConcentration,1,a2660806-daeb-4ddb-88aa-e0aceec24236,101.18425252205547,0.3,3,3,treg -> quantile_extractor -> ridge,2003.9490607000043,2024-02-27T00:52:28.748308,D:\data_old\WORK\Repo\Industiral\IndustrialTS\examples\utils\data\benchmark_history\real_world_archive\composition_results\ManganeseConcentration\1\a2660806-daeb-4ddb-88aa-e0aceec24236\a2660806-daeb-4ddb-88aa-e0aceec24236.json
MethaneMonitoringHomeActivity,1,8aa7401a-0a3c-480e-b5f5-08106fb0b54b,0.49568890171409263,0.2,2,2,treg -> quantile_extractor,130.21218899999985,2024-02-11T23:21:36.524934,D:\data_old\WORK\Repo\Industiral\IndustrialTS\examples\utils\data\benchmark_history\real_world_archive\composition_results\MethaneMonitoringHomeActivity\1\8aa7401a-0a3c-480e-b5f5-08106fb0b54b\8aa7401a-0a3c-480e-b5f5-08106fb0b54b.json
MethaneMonitoringHomeActivity,2,8aa7401a-0a3c-480e-b5f5-08106fb0b54b,0.49568890171409263,0.2,2,2,treg -> quantile_extractor,130.21218899999985,2024-02-11T23:21:36.524934,D:\data_old\WORK\Repo\Industiral\IndustrialTS\examples\utils\data\benchmark_history\real_world_archive\composition_results\MethaneMonitoringHomeActivity\2\8aa7401a-0a3c-480e-b5f5-08106fb0b54b\8aa7401a-0a3c-480e-b5f5-08106fb0b54b.json
MethaneMonitoringHomeActivity,1,86884d42-29c8-4b13-a889-c41dea8dc954,0.49630011790331263,0.2,2,2,treg -> quantile_extractor,130.21218899999985,2024-02-11T23:21:36.524934,D:\data_old\WORK\Repo\Industiral\IndustrialTS\examples\utils\data\benchmark_history\real_world_archive\composition_results\MethaneMonitoringHomeActivity\1\86884d42-29c8-4b13-a889-c41dea8dc954\86884d42-29c8-4b13-a889-c41dea8dc954.json
MiddlePhalanxTW,1,71eeb8c5-d2f3-49dd-b782-6a3bc5b5c567,-0.644113924050633,0.2,2,2,logit -> quantile_extractor,57.751758000000336,2024-02-10T14:05:46.783820,D:\data_old\WORK\Repo\Industiral\IndustrialTS\examples\utils\data\benchmark_history\real_world_archive\composition_results\MiddlePhalanxTW\1\71eeb8c5-d2f3-49dd-b782-6a3bc5b5c567\71eeb8c5-d2f3-49dd-b782-6a3bc5b5c567.json
MiddlePhalanxTW,2,71eeb8c5-d2f3-49dd-b782-6a3bc5b5c567,-0.644113924050633,0.2,2,2,logit -> quantile_extractor,57.751758000000336,2024-02-10T14:05:46.783820,D:\data_old\WORK\Repo\Industiral\IndustrialTS\examples\utils\data\benchmark_history\real_world_archive\composition_results\MiddlePhalanxTW\2\71eeb8c5-d2f3-49dd-b782-6a3bc5b5c567\71eeb8c5-d2f3-49dd-b782-6a3bc5b5c567.json
MiddlePhalanxTW,3,71eeb8c5-d2f3-49dd-b782-6a3bc5b5c567,-0.644113924050633,0.2,2,2,logit -> quantile_extractor,57.751758000000336,2024-02-10T14:05:46.783820,D:\data_old\WORK\Repo\Industiral\IndustrialTS\examples\utils\data\benchmark_history\real_world_archive\composition_results\MiddlePhalanxTW\3\71eeb8c5-d2f3-49dd-b782-6a3bc5b5c567\71eeb8c5-d2f3-49dd-b782-6a3bc5b5c567.json
OccupancyDetectionLight,2,5c936f0a-4557-4400-8e99-132fc1853332,72.10292737202158,0.4,4,3,treg -> quantile_extractor -> wavelet_basis -> topological_features,67.6532600999999,2024-02-12T14:57:14.483398,D:\data_old\WORK\Repo\Industiral\IndustrialTS\examples\utils\data\benchmark_history\real_world_archive\composition_results\OccupancyDetectionLight\2\5c936f0a-4557-4400-8e99-132fc1853332\5c936f0a-4557-4400-8e99-132fc1853332.json
OccupancyDetectionLight,3,5c936f0a-4557-4400-8e99-132fc1853332,72.10292737202158,0.4,4,3,treg -> quantile_extractor -> wavelet_basis -> topological_features,67.6532600999999,2024-02-12T14:57:14.483398,D:\data_old\WORK\Repo\Industiral\IndustrialTS\examples\utils\data\benchmark_history\real_world_archive\composition_results\OccupancyDetectionLight\3\5c936f0a-4557-4400-8e99-132fc1853332\5c936f0a-4557-4400-8e99-132fc1853332.json
OccupancyDetectionLight,0,50e6e0bd-dc2a-4088-bd0e-18448b05bbd2,79.47748400456169,0.2,2,2,treg -> quantile_extractor,17.770562300000165,2024-02-12T14:09:58.540058,D:\data_old\WORK\Repo\Industiral\IndustrialTS\examples\utils\data\benchmark_history\real_world_archive\composition_results\OccupancyDetectionLight\0\50e6e0bd-dc2a-4088-bd0e-18448b05bbd2\50e6e0bd-dc2a-4088-bd0e-18448b05bbd2.json
PhosphorusConcentration,0,2fc9f2bb-70de-4fe1-ae2b-72c0d20fbd99,22.94355499007447,0.2,2,2,treg -> quantile_extractor,10446.895125899999,2024-02-27T18:11:21.139607,D:\data_old\WORK\Repo\Industiral\IndustrialTS\examples\utils\data\benchmark_history\real_world_archive\composition_results\PhosphorusConcentration\0\2fc9f2bb-70de-4fe1-ae2b-72c0d20fbd99\2fc9f2bb-70de-4fe1-ae2b-72c0d20fbd99.json
PhosphorusConcentration,1,2fc9f2bb-70de-4fe1-ae2b-72c0d20fbd99,22.94355499007447,0.2,2,2,treg -> quantile_extractor,10446.895125899999,2024-02-27T18:11:21.139607,D:\data_old\WORK\Repo\Industiral\IndustrialTS\examples\utils\data\benchmark_history\real_world_archive\composition_results\PhosphorusConcentration\1\2fc9f2bb-70de-4fe1-ae2b-72c0d20fbd99\2fc9f2bb-70de-4fe1-ae2b-72c0d20fbd99.json
PhosphorusConcentration,2,2fc9f2bb-70de-4fe1-ae2b-72c0d20fbd99,22.94355499007447,0.2,2,2,treg -> quantile_extractor,10446.895125899999,2024-02-27T18:11:21.139607,D:\data_old\WORK\Repo\Industiral\IndustrialTS\examples\utils\data\benchmark_history\real_world_archive\composition_results\PhosphorusConcentration\2\2fc9f2bb-70de-4fe1-ae2b-72c0d20fbd99\2fc9f2bb-70de-4fe1-ae2b-72c0d20fbd99.json
PigArtPressure,0,e46a9207-b233-416a-999b-2c6efd5cd391,-0.08761904761904762,0.2,2,2,logit -> quantile_extractor,332.2625325000008,2024-02-24T20:22:43.421519,D:\data_old\WORK\Repo\Industiral\IndustrialTS\examples\utils\data\benchmark_history\real_world_archive\composition_results\PigArtPressure\0\e46a9207-b233-416a-999b-2c6efd5cd391\e46a9207-b233-416a-999b-2c6efd5cd391.json
PigArtPressure,1,e46a9207-b233-416a-999b-2c6efd5cd391,-0.08761904761904762,0.2,2,2,logit -> quantile_extractor,332.2625325000008,2024-02-24T20:22:43.421519,D:\data_old\WORK\Repo\Industiral\IndustrialTS\examples\utils\data\benchmark_history\real_world_archive\composition_results\PigArtPressure\1\e46a9207-b233-416a-999b-2c6efd5cd391\e46a9207-b233-416a-999b-2c6efd5cd391.json
PigArtPressure,2,e46a9207-b233-416a-999b-2c6efd5cd391,-0.08761904761904762,0.2,2,2,logit -> quantile_extractor,332.2625325000008,2024-02-24T20:22:43.421519,D:\data_old\WORK\Repo\Industiral\IndustrialTS\examples\utils\data\benchmark_history\real_world_archive\composition_results\PigArtPressure\2\e46a9207-b233-416a-999b-2c6efd5cd391\e46a9207-b233-416a-999b-2c6efd5cd391.json
PotassiumConcentration,0,a0580afe-00e9-4e68-aa40-a71bc8f0591b,230.44066067922546,0.2,2,2,treg -> quantile_extractor,12201.0495286,2024-02-27T21:39:31.430377,D:\data_old\WORK\Repo\Industiral\IndustrialTS\examples\utils\data\benchmark_history\real_world_archive\composition_results\PotassiumConcentration\0\a0580afe-00e9-4e68-aa40-a71bc8f0591b\a0580afe-00e9-4e68-aa40-a71bc8f0591b.json
PotassiumConcentration,1,a0580afe-00e9-4e68-aa40-a71bc8f0591b,230.44066067922546,0.2,2,2,treg -> quantile_extractor,12201.0495286,2024-02-27T21:39:31.430377,D:\data_old\WORK\Repo\Industiral\IndustrialTS\examples\utils\data\benchmark_history\real_world_archive\composition_results\PotassiumConcentration\1\a0580afe-00e9-4e68-aa40-a71bc8f0591b\a0580afe-00e9-4e68-aa40-a71bc8f0591b.json
PotassiumConcentration,2,a0580afe-00e9-4e68-aa40-a71bc8f0591b,230.44066067922546,0.2,2,2,treg -> quantile_extractor,12201.0495286,2024-02-27T21:39:31.430377,D:\data_old\WORK\Repo\Industiral\IndustrialTS\examples\utils\data\benchmark_history\real_world_archive\composition_results\PotassiumConcentration\2\a0580afe-00e9-4e68-aa40-a71bc8f0591b\a0580afe-00e9-4e68-aa40-a71bc8f0591b.json
PrecipitationAndalusia,0,43ca3d78-d9ed-45c1-8bce-765fa5c6b1cd,0.3664485979450722,0.2,2,2,treg -> quantile_extractor,479.78020070000093,2024-02-25T03:02:47.130702,D:\data_old\WORK\Repo\Industiral\IndustrialTS\examples\utils\data\benchmark_history\real_world_archive\composition_results\PrecipitationAndalusia\0\43ca3d78-d9ed-45c1-8bce-765fa5c6b1cd\43ca3d78-d9ed-45c1-8bce-765fa5c6b1cd.json
PrecipitationAndalusia,1,43ca3d78-d9ed-45c1-8bce-765fa5c6b1cd,0.3664485979450722,0.2,2,2,treg -> quantile_extractor,479.78020070000093,2024-02-25T03:02:47.130702,D:\data_old\WORK\Repo\Industiral\IndustrialTS\examples\utils\data\benchmark_history\real_world_archive\composition_results\PrecipitationAndalusia\1\43ca3d78-d9ed-45c1-8bce-765fa5c6b1cd\43ca3d78-d9ed-45c1-8bce-765fa5c6b1cd.json
PrecipitationAndalusia,2,43ca3d78-d9ed-45c1-8bce-765fa5c6b1cd,0.3664485979450722,0.2,2,2,treg -> quantile_extractor,479.78020070000093,2024-02-25T03:02:47.130702,D:\data_old\WORK\Repo\Industiral\IndustrialTS\examples\utils\data\benchmark_history\real_world_archive\composition_results\PrecipitationAndalusia\2\43ca3d78-d9ed-45c1-8bce-765fa5c6b1cd\43ca3d78-d9ed-45c1-8bce-765fa5c6b1cd.json
Rock,2,1ddbc22c-8b7c-4653-a94b-d0d2ad1cf26b,-0.8,0.3,3,2,logit -> quantile_extractor -> scaling,53.15820850000091,2024-02-24T04:26:21.260712,D:\data_old\WORK\Repo\Industiral\IndustrialTS\examples\utils\data\benchmark_history\real_world_archive\composition_results\Rock\2\1ddbc22c-8b7c-4653-a94b-d0d2ad1cf26b\1ddbc22c-8b7c-4653-a94b-d0d2ad1cf26b.json
Rock,3,1ddbc22c-8b7c-4653-a94b-d0d2ad1cf26b,-0.8,0.3,3,2,logit -> quantile_extractor -> scaling,53.15820850000091,2024-02-24T04:26:21.260712,D:\data_old\WORK\Repo\Industiral\IndustrialTS\examples\utils\data\benchmark_history\real_world_archive\composition_results\Rock\3\1ddbc22c-8b7c-4653-a94b-d0d2ad1cf26b\1ddbc22c-8b7c-4653-a94b-d0d2ad1cf26b.json
Rock,2,f52df6f9-0b5f-4072-82d5-95f973343e49,-0.75,0.3,3,3,logit -> normalization -> quantile_extractor,53.15820850000091,2024-02-24T04:26:21.260712,D:\data_old\WORK\Repo\Industiral\IndustrialTS\examples\utils\data\benchmark_history\real_world_archive\composition_results\Rock\2\f52df6f9-0b5f-4072-82d5-95f973343e49\f52df6f9-0b5f-4072-82d5-95f973343e49.json
SelfRegulationSCP2,0,10e4ccee-d8bf-4908-8ea1-002e33ffbe55,-0.54,0.2,2,2,logit -> quantile_extractor,269.2938291,2024-02-12T23:45:57.089587,D:\data_old\WORK\Repo\Industiral\IndustrialTS\examples\utils\data\benchmark_history\real_world_archive\composition_results\SelfRegulationSCP2\0\10e4ccee-d8bf-4908-8ea1-002e33ffbe55\10e4ccee-d8bf-4908-8ea1-002e33ffbe55.json
SemgHandMovementCh2,1,c2a6302e-3990-43c6-ab1e-5e5b9a8805f3,-0.591111111111111,0.2,2,2,logit -> quantile_extractor,5076.4509237,2024-02-23T13:24:06.058682,D:\data_old\WORK\Repo\Industiral\IndustrialTS\examples\utils\data\benchmark_history\real_world_archive\composition_results\SemgHandMovementCh2\1\c2a6302e-3990-43c6-ab1e-5e5b9a8805f3\c2a6302e-3990-43c6-ab1e-5e5b9a8805f3.json
SemgHandMovementCh2,2,c2a6302e-3990-43c6-ab1e-5e5b9a8805f3,-0.591111111111111,0.2,2,2,logit -> quantile_extractor,5076.4509237,2024-02-23T13:24:06.058682,D:\data_old\WORK\Repo\Industiral\IndustrialTS\examples\utils\data\benchmark_history\real_world_archive\composition_results\SemgHandMovementCh2\2\c2a6302e-3990-43c6-ab1e-5e5b9a8805f3\c2a6302e-3990-43c6-ab1e-5e5b9a8805f3.json
SemgHandMovementCh2,1,0045f674-e2a8-488f-8aec-dce05f7f9deb,-0.5777777777777777,0.2,2,2,logit -> quantile_extractor,5076.4509237,2024-02-23T13:24:06.058682,D:\data_old\WORK\Repo\Industiral\IndustrialTS\examples\utils\data\benchmark_history\real_world_archive\composition_results\SemgHandMovementCh2\1\0045f674-e2a8-488f-8aec-dce05f7f9deb\0045f674-e2a8-488f-8aec-dce05f7f9deb.json
SierraNevadaMountainsSnow,1,6ec0940d-fbc1-44a9-8587-d90efe29380d,39.915778859028514,0.2,2,2,lasso -> quantile_extractor,181.0297397999966,2024-02-12T07:24:24.168928,D:\data_old\WORK\Repo\Industiral\IndustrialTS\examples\utils\data\benchmark_history\real_world_archive\composition_results\SierraNevadaMountainsSnow\1\6ec0940d-fbc1-44a9-8587-d90efe29380d\6ec0940d-fbc1-44a9-8587-d90efe29380d.json
SierraNevadaMountainsSnow,2,6ec0940d-fbc1-44a9-8587-d90efe29380d,39.915778859028514,0.2,2,2,lasso -> quantile_extractor,181.0297397999966,2024-02-12T07:24:24.168928,D:\data_old\WORK\Repo\Industiral\IndustrialTS\examples\utils\data\benchmark_history\real_world_archive\composition_results\SierraNevadaMountainsSnow\2\6ec0940d-fbc1-44a9-8587-d90efe29380d\6ec0940d-fbc1-44a9-8587-d90efe29380d.json
SierraNevadaMountainsSnow,3,6ec0940d-fbc1-44a9-8587-d90efe29380d,39.915778859028514,0.2,2,2,lasso -> quantile_extractor,181.0297397999966,2024-02-12T07:24:24.168928,D:\data_old\WORK\Repo\Industiral\IndustrialTS\examples\utils\data\benchmark_history\real_world_archive\composition_results\SierraNevadaMountainsSnow\3\6ec0940d-fbc1-44a9-8587-d90efe29380d\6ec0940d-fbc1-44a9-8587-d90efe29380d.json
SodiumConcentration,0,ba2a1ef4-60d7-45c7-a009-a8528c0f5653,530.498925654608,0.2,2,2,treg -> quantile_extractor,1430.7849381,2024-02-27T12:59:18.351179,D:\data_old\WORK\Repo\Industiral\IndustrialTS\examples\utils\data\benchmark_history\real_world_archive\composition_results\SodiumConcentration\0\ba2a1ef4-60d7-45c7-a009-a8528c0f5653\ba2a1ef4-60d7-45c7-a009-a8528c0f5653.json
SodiumConcentration,1,ba2a1ef4-60d7-45c7-a009-a8528c0f5653,530.498925654608,0.2,2,2,treg -> quantile_extractor,1430.7849381,2024-02-27T12:59:18.351179,D:\data_old\WORK\Repo\Industiral\IndustrialTS\examples\utils\data\benchmark_history\real_world_archive\composition_results\SodiumConcentration\1\ba2a1ef4-60d7-45c7-a009-a8528c0f5653\ba2a1ef4-60d7-45c7-a009-a8528c0f5653.json
SodiumConcentration,2,ba2a1ef4-60d7-45c7-a009-a8528c0f5653,530.498925654608,0.2,2,2,treg -> quantile_extractor,1430.7849381,2024-02-27T12:59:18.351179,D:\data_old\WORK\Repo\Industiral\IndustrialTS\examples\utils\data\benchmark_history\real_world_archive\composition_results\SodiumConcentration\2\ba2a1ef4-60d7-45c7-a009-a8528c0f5653\ba2a1ef4-60d7-45c7-a009-a8528c0f5653.json
StandWalkJump,1,19bfa038-0a0c-4b5b-be2a-986d572b239c,-0.6666666666666666,0.3,3,3,logit -> scaling -> riemann_extractor,11.074104300000045,2024-03-12T19:48:36.096113,D:\data_old\WORK\Repo\Industiral\IndustrialTS\examples\utils\data\benchmark_history\real_world_archive\composition_results\StandWalkJump\1\19bfa038-0a0c-4b5b-be2a-986d572b239c\19bfa038-0a0c-4b5b-be2a-986d572b239c.json
StandWalkJump,1,eb31a731-5a4a-4c1e-be56-24d08b785daf,-0.6666666666666666,0.3,3,3,logit -> riemann_extractor -> quantile_extractor,11.074104300000045,2024-03-12T19:48:36.096113,D:\data_old\WORK\Repo\Industiral\IndustrialTS\examples\utils\data\benchmark_history\real_world_archive\composition_results\StandWalkJump\1\eb31a731-5a4a-4c1e-be56-24d08b785daf\eb31a731-5a4a-4c1e-be56-24d08b785daf.json
StandWalkJump,2,eb31a731-5a4a-4c1e-be56-24d08b785daf,-0.6666666666666666,0.3,3,3,logit -> riemann_extractor -> quantile_extractor,11.074104300000045,2024-03-12T19:48:36.096113,D:\data_old\WORK\Repo\Industiral\IndustrialTS\examples\utils\data\benchmark_history\real_world_archive\composition_results\StandWalkJump\2\eb31a731-5a4a-4c1e-be56-24d08b785daf\eb31a731-5a4a-4c1e-be56-24d08b785daf.json
SteamPredictor,0,7de406f2-25ee-4d51-9e74-8adc664df34e,28248.204546781217,0.2,2,2,treg -> quantile_extractor,55.591245400000844,2024-02-10T23:50:10.237216,D:\data_old\WORK\Repo\Industiral\IndustrialTS\examples\utils\data\benchmark_history\real_world_archive\composition_results\SteamPredictor\0\7de406f2-25ee-4d51-9e74-8adc664df34e\7de406f2-25ee-4d51-9e74-8adc664df34e.json
SulphurConcentration,1,46db1699-b7a1-45f9-812e-f990f02f6fbc,113.96298163122852,0.3,3,3,treg -> quantile_extractor -> wavelet_basis,5551.073250200003,2024-02-28T03:52:43.609103,D:\data_old\WORK\Repo\Industiral\IndustrialTS\examples\utils\data\benchmark_history\real_world_archive\composition_results\SulphurConcentration\1\46db1699-b7a1-45f9-812e-f990f02f6fbc\46db1699-b7a1-45f9-812e-f990f02f6fbc.json
SulphurConcentration,2,46db1699-b7a1-45f9-812e-f990f02f6fbc,113.96298163122852,0.3,3,3,treg -> quantile_extractor -> wavelet_basis,5551.073250200003,2024-02-28T03:52:43.609103,D:\data_old\WORK\Repo\Industiral\IndustrialTS\examples\utils\data\benchmark_history\real_world_archive\composition_results\SulphurConcentration\2\46db1699-b7a1-45f9-812e-f990f02f6fbc\46db1699-b7a1-45f9-812e-f990f02f6fbc.json
SulphurConcentration,0,9c5fad0e-cc6d-425f-9e4d-bf0ba39c7f64,124.6197896405633,0.2,2,2,treg -> quantile_extractor,1884.987636100006,2024-02-28T02:20:10.149354,D:\data_old\WORK\Repo\Industiral\IndustrialTS\examples\utils\data\benchmark_history\real_world_archive\composition_results\SulphurConcentration\0\9c5fad0e-cc6d-425f-9e4d-bf0ba39c7f64\9c5fad0e-cc6d-425f-9e4d-bf0ba39c7f64.json
ToeSegmentation1,3,348ba9ab-90cc-4f36-b5e7-5b1d2c2bd25c,-0.875,0.6,6,3,logit -> quantile_extractor -> minirocket_extractor -> wavelet_basis -> quantile_extractor -> eigen_basis,326.38927090000016,2024-02-24T18:11:11.850048,D:\data_old\WORK\Repo\Industiral\IndustrialTS\examples\utils\data\benchmark_history\real_world_archive\composition_results\ToeSegmentation1\3\348ba9ab-90cc-4f36-b5e7-5b1d2c2bd25c\348ba9ab-90cc-4f36-b5e7-5b1d2c2bd25c.json
ToeSegmentation1,3,3ef6b424-3999-43fc-af9e-451a45d147c5,-0.875,0.4,4,3,dt -> quantile_extractor -> recurrence_extractor -> eigen_basis,326.38927090000016,2024-02-24T18:11:11.850048,D:\data_old\WORK\Repo\Industiral\IndustrialTS\examples\utils\data\benchmark_history\real_world_archive\composition_results\ToeSegmentation1\3\3ef6b424-3999-43fc-af9e-451a45d147c5\3ef6b424-3999-43fc-af9e-451a45d147c5.json
ToeSegmentation1,4,3ef6b424-3999-43fc-af9e-451a45d147c5,-0.875,0.4,4,3,dt -> quantile_extractor -> recurrence_extractor -> eigen_basis,326.38927090000016,2024-02-24T18:11:11.850048,D:\data_old\WORK\Repo\Industiral\IndustrialTS\examples\utils\data\benchmark_history\real_world_archive\composition_results\ToeSegmentation1\4\3ef6b424-3999-43fc-af9e-451a45d147c5\3ef6b424-3999-43fc-af9e-451a45d147c5.json
ToeSegmentation2,1,2eb32b6a-1710-4300-9de1-633d2200814f,-0.9714285714285713,0.2,2,2,logit -> quantile_extractor,14.160635600000006,2024-02-10T01:53:56.459212,D:\data_old\WORK\Repo\Industiral\IndustrialTS\examples\utils\data\benchmark_history\real_world_archive\composition_results\ToeSegmentation2\1\2eb32b6a-1710-4300-9de1-633d2200814f\2eb32b6a-1710-4300-9de1-633d2200814f.json
ToeSegmentation2,2,2eb32b6a-1710-4300-9de1-633d2200814f,-0.9714285714285713,0.2,2,2,logit -> quantile_extractor,14.160635600000006,2024-02-10T01:53:56.459212,D:\data_old\WORK\Repo\Industiral\IndustrialTS\examples\utils\data\benchmark_history\real_world_archive\composition_results\ToeSegmentation2\2\2eb32b6a-1710-4300-9de1-633d2200814f\2eb32b6a-1710-4300-9de1-633d2200814f.json
ToeSegmentation2,3,2eb32b6a-1710-4300-9de1-633d2200814f,-0.9714285714285713,0.2,2,2,logit -> quantile_extractor,14.160635600000006,2024-02-10T01:53:56.459212,D:\data_old\WORK\Repo\Industiral\IndustrialTS\examples\utils\data\benchmark_history\real_world_archive\composition_results\ToeSegmentation2\3\2eb32b6a-1710-4300-9de1-633d2200814f\2eb32b6a-1710-4300-9de1-633d2200814f.json
UMD,1,0345e4ef-4e66-4ef7-906d-8f8810ffa2d3,-1.0,0.4,4,3,logit -> quantile_extractor -> minirocket_extractor -> fourier_basis,10.166285000000244,2024-02-10T02:53:16.620233,D:\data_old\WORK\Repo\Industiral\IndustrialTS\examples\utils\data\benchmark_history\real_world_archive\composition_results\UMD\1\0345e4ef-4e66-4ef7-906d-8f8810ffa2d3\0345e4ef-4e66-4ef7-906d-8f8810ffa2d3.json
UMD,2,0345e4ef-4e66-4ef7-906d-8f8810ffa2d3,-1.0,0.4,4,3,logit -> quantile_extractor -> minirocket_extractor -> fourier_basis,10.166285000000244,2024-02-10T02:53:16.620233,D:\data_old\WORK\Repo\Industiral\IndustrialTS\examples\utils\data\benchmark_history\real_world_archive\composition_results\UMD\2\0345e4ef-4e66-4ef7-906d-8f8810ffa2d3\0345e4ef-4e66-4ef7-906d-8f8810ffa2d3.json
UMD,1,5736ec02-463f-4568-a709-3b4901cafb61,-1.0,0.2,2,2,logit -> quantile_extractor,3.586855999999983,2024-02-10T13:00:22.973187,D:\data_old\WORK\Repo\Industiral\IndustrialTS\examples\utils\data\benchmark_history\real_world_archive\composition_results\UMD\1\5736ec02-463f-4568-a709-3b4901cafb61\5736ec02-463f-4568-a709-3b4901cafb61.json
UWaveGestureLibrary,1,badc4ed3-d6fe-4957-b542-3d86edcc20ce,-0.8833333333333332,0.3,3,2,logit -> riemann_extractor -> normalization,40.94605760000013,2024-03-12T23:44:27.571948,D:\data_old\WORK\Repo\Industiral\IndustrialTS\examples\utils\data\benchmark_history\real_world_archive\composition_results\UWaveGestureLibrary\1\badc4ed3-d6fe-4957-b542-3d86edcc20ce\badc4ed3-d6fe-4957-b542-3d86edcc20ce.json
UWaveGestureLibrary,2,badc4ed3-d6fe-4957-b542-3d86edcc20ce,-0.8833333333333332,0.3,3,2,logit -> riemann_extractor -> normalization,40.94605760000013,2024-03-12T23:44:27.571948,D:\data_old\WORK\Repo\Industiral\IndustrialTS\examples\utils\data\benchmark_history\real_world_archive\composition_results\UWaveGestureLibrary\2\badc4ed3-d6fe-4957-b542-3d86edcc20ce\badc4ed3-d6fe-4957-b542-3d86edcc20ce.json
UWaveGestureLibrary,1,4d16698e-5828-4609-b0aa-bf1d1f0659d5,-0.8166666666666667,0.3,3,2,logit -> riemann_extractor -> scaling,40.94605760000013,2024-03-12T23:44:27.571948,D:\data_old\WORK\Repo\Industiral\IndustrialTS\examples\utils\data\benchmark_history\real_world_archive\composition_results\UWaveGestureLibrary\1\4d16698e-5828-4609-b0aa-bf1d1f0659d5\4d16698e-5828-4609-b0aa-bf1d1f0659d5.json
WindTurbinePower,1,4751270c-1f82-4a08-a214-e60989cc01a8,44.194056659600534,0.3,3,3,treg -> quantile_extractor -> normalization,258.4143804999985,2024-02-25T14:01:22.984477,D:\data_old\WORK\Repo\Industiral\IndustrialTS\examples\utils\data\benchmark_history\real_world_archive\composition_results\WindTurbinePower\1\4751270c-1f82-4a08-a214-e60989cc01a8\4751270c-1f82-4a08-a214-e60989cc01a8.json
WindTurbinePower,2,4751270c-1f82-4a08-a214-e60989cc01a8,44.194056659600534,0.3,3,3,treg -> quantile_extractor -> normalization,258.4143804999985,2024-02-25T14:01:22.984477,D:\data_old\WORK\Repo\Industiral\IndustrialTS\examples\utils\data\benchmark_history\real_world_archive\composition_results\WindTurbinePower\2\4751270c-1f82-4a08-a214-e60989cc01a8\4751270c-1f82-4a08-a214-e60989cc01a8.json
WindTurbinePower,1,cec29303-6d72-41d7-a91b-bd639664ccb6,45.44881223448377,0.3,3,3,treg -> quantile_extractor -> treg,258.4143804999985,2024-02-25T14:01:22.984477,D:\data_old\WORK\Repo\Industiral\IndustrialTS\examples\utils\data\benchmark_history\real_world_archive\composition_results\WindTurbinePower\1\cec29303-6d72-41d7-a91b-bd639664ccb6\cec29303-6d72-41d7-a91b-bd639664ccb6.json
Wine,2,47f3fcd3-8189-429e-ba53-23f8dcad64f2,-0.8818181818181818,0.4,4,3,logit -> scaling -> minirocket_extractor -> wavelet_basis,29.69283870000072,2024-02-10T17:31:27.577918,D:\data_old\WORK\Repo\Industiral\IndustrialTS\examples\utils\data\benchmark_history\real_world_archive\composition_results\Wine\2\47f3fcd3-8189-429e-ba53-23f8dcad64f2\47f3fcd3-8189-429e-ba53-23f8dcad64f2.json
Wine,3,47f3fcd3-8189-429e-ba53-23f8dcad64f2,-0.8818181818181818,0.4,4,3,logit -> scaling -> minirocket_extractor -> wavelet_basis,29.69283870000072,2024-02-10T17:31:27.577918,D:\data_old\WORK\Repo\Industiral\IndustrialTS\examples\utils\data\benchmark_history\real_world_archive\composition_results\Wine\3\47f3fcd3-8189-429e-ba53-23f8dcad64f2\47f3fcd3-8189-429e-ba53-23f8dcad64f2.json
Wine,2,ea382847-18d5-4c95-9320-4c056e06ed09,-0.8257575757575758,0.5,5,3,logit -> rf -> quantile_extractor -> quantile_extractor -> eigen_basis,29.69283870000072,2024-02-10T17:31:27.577918,D:\data_old\WORK\Repo\Industiral\IndustrialTS\examples\utils\data\benchmark_history\real_world_archive\composition_results\Wine\2\ea382847-18d5-4c95-9320-4c056e06ed09\ea382847-18d5-4c95-9320-4c056e06ed09.json
WormsTwoClass,1,1edc46df-de91-463a-90e5-d88f7659d54b,-0.6738738738738739,0.2,2,2,logit -> quantile_extractor,85.07227029999922,2024-02-10T15:33:57.800960,D:\data_old\WORK\Repo\Industiral\IndustrialTS\examples\utils\data\benchmark_history\real_world_archive\composition_results\WormsTwoClass\1\1edc46df-de91-463a-90e5-d88f7659d54b\1edc46df-de91-463a-90e5-d88f7659d54b.json
WormsTwoClass,2,1edc46df-de91-463a-90e5-d88f7659d54b,-0.6738738738738739,0.2,2,2,logit -> quantile_extractor,85.07227029999922,2024-02-10T15:33:57.800960,D:\data_old\WORK\Repo\Industiral\IndustrialTS\examples\utils\data\benchmark_history\real_world_archive\composition_results\WormsTwoClass\2\1edc46df-de91-463a-90e5-d88f7659d54b\1edc46df-de91-463a-90e5-d88f7659d54b.json
WormsTwoClass,1,99b3c08f-b132-4e9a-9d5e-379b68535df0,-0.6632132132132132,0.4,4,3,logit -> quantile_extractor -> minirocket_extractor -> fourier_basis,85.07227029999922,2024-02-10T15:33:57.800960,D:\data_old\WORK\Repo\Industiral\IndustrialTS\examples\utils\data\benchmark_history\real_world_archive\composition_results\WormsTwoClass\1\99b3c08f-b132-4e9a-9d5e-379b68535df0\99b3c08f-b132-4e9a-9d5e-379b68535df0.json
ZincConcentration,1,c08b9da6-dd25-44f7-8774-14a762577581,1.1831235363065367,0.4,4,3,treg -> quantile_extractor -> recurrence_extractor -> fourier_basis,69610.1837196,2024-02-28T23:50:17.476929,D:\data_old\WORK\Repo\Industiral\IndustrialTS\examples\utils\data\benchmark_history\real_world_archive\composition_results\ZincConcentration\1\c08b9da6-dd25-44f7-8774-14a762577581\c08b9da6-dd25-44f7-8774-14a762577581.json
ZincConcentration,2,c08b9da6-dd25-44f7-8774-14a762577581,1.1831235363065367,0.4,4,3,treg -> quantile_extractor -> recurrence_extractor -> fourier_basis,69610.1837196,2024-02-28T23:50:17.476929,D:\data_old\WORK\Repo\Industiral\IndustrialTS\examples\utils\data\benchmark_history\real_world_archive\composition_results\ZincConcentration\2\c08b9da6-dd25-44f7-8774-14a762577581\c08b9da6-dd25-44f7-8774-14a762577581.json
ZincConcentration,0,29b61eb0-5c75-47d1-a37d-8a94b72ebc2d,1.1838374048725455,0.2,2,2,treg -> quantile_extractor,2155.3547284000015,2024-02-28T04:30:05.129863,D:\data_old\WORK\Repo\Industiral\IndustrialTS\examples\utils\data\benchmark_history\real_world_archive\composition_results\ZincConcentration\0\29b61eb0-5c75-47d1-a37d-8a94b72ebc2d\29b61eb0-5c75-47d1-a37d-8a94b72ebc2d.json
