dataset_name,model_name,metric_name,metric_value,selected_generator_count,n_kernels,params,tags
AcousticContaminationMadrid-no-missing,1NN-DTW,rmse,5.440281551,,,,
AcousticContaminationMadrid-no-missing,1NN-ED,rmse,6.591085478,,,,
AcousticContaminationMadrid-no-missing,5NN-DTW,rmse,5.046155003,,,,
AcousticContaminationMadrid-no-missing,5NN-ED,rmse,5.726286515,,,,
AcousticContaminationMadrid-no-missing,CNN,rmse,6.712051197,,,,
AcousticContaminationMadrid-no-missing,DrCIF,rmse,4.119996102,,,,
AcousticContaminationMadrid-no-missing,FCN,rmse,64.51238533,,,,
AcousticContaminationMadrid-no-missing,FPCR,rmse,5.620265061,,,,
AcousticContaminationMadrid-no-missing,FPCR-Bs,rmse,5.664350911,,,,
AcousticContaminationMadrid-no-missing,Fedot_Industrial_legacy_baseline,rmse,3.488,,,,
AcousticContaminationMadrid-no-missing,Fedot_Industrial_legacy_baseline_features,rmse,10000000000.0,,,,
AcousticContaminationMadrid-no-missing,FreshPRINCE,rmse,3.281020662,,,,
AcousticContaminationMadrid-no-missing,Grid-SVR,rmse,5.435932882,,,,
AcousticContaminationMadrid-no-missing,InceptionT,rmse,4.076598472,,,,
AcousticContaminationMadrid-no-missing,MultiROCKET,rmse,4.263101314,,,,
AcousticContaminationMadrid-no-missing,RDST,rmse,4.311690034,,,,
AcousticContaminationMadrid-no-missing,RIST,rmse,3.583615061,,,,
AcousticContaminationMadrid-no-missing,ROCKET,rmse,4.632819273,,,,
AcousticContaminationMadrid-no-missing,RandF,rmse,5.071709376,,,,
AcousticContaminationMadrid-no-missing,ResNet,rmse,5.127296922,,,,
AcousticContaminationMadrid-no-missing,Ridge,rmse,5.387561969,,,,
AcousticContaminationMadrid-no-missing,RotF,rmse,5.126172684,,,,
AcousticContaminationMadrid-no-missing,SingleInception,rmse,4.429512826,,,,
AcousticContaminationMadrid-no-missing,TSF,rmse,4.602418792,,,,
AcousticContaminationMadrid-no-missing,XGBoost,rmse,5.255653156,,,,
AluminiumConcentration,1NN-DTW,rmse,382.5578723,,,,
AluminiumConcentration,1NN-ED,rmse,358.16945,,,,
AluminiumConcentration,5NN-DTW,rmse,324.5381204,,,,
AluminiumConcentration,5NN-ED,rmse,306.06429,,,,
AluminiumConcentration,CNN,rmse,273.7296896,,,,
AluminiumConcentration,DrCIF,rmse,245.1929451,,,,
AluminiumConcentration,FCN,rmse,985.8150861,,,,
AluminiumConcentration,FPCR,rmse,274.3850127,,,,
AluminiumConcentration,FPCR-Bs,rmse,277.9587767,,,,
AluminiumConcentration,Fedot_Industrial_legacy_baseline,rmse,308.47,,,,
AluminiumConcentration,Fedot_Industrial_legacy_baseline_features,rmse,313.802,,,,
AluminiumConcentration,FreshPRINCE,rmse,269.9898933,,,,
AluminiumConcentration,Grid-SVR,rmse,304.6733751,,,,
AluminiumConcentration,InceptionT,rmse,247.1979928,,,,
AluminiumConcentration,MultiROCKET,rmse,247.9727286,,,,
AluminiumConcentration,RDST,rmse,225.9957612,,,,
AluminiumConcentration,RIST,rmse,244.5906914,,,,
AluminiumConcentration,ROCKET,rmse,247.1290534,,,,
AluminiumConcentration,RandF,rmse,293.337887,,,,
AluminiumConcentration,ResNet,rmse,316.4113525,,,,
AluminiumConcentration,Ridge,rmse,237.0224242,,,,
AluminiumConcentration,RotF,rmse,234.0929328,,,,
AluminiumConcentration,SingleInception,rmse,250.4116375,,,,
AluminiumConcentration,TSF,rmse,245.0510324,,,,
AluminiumConcentration,XGBoost,rmse,295.7334134,,,,
AppliancesEnergy,1NN-DTW,rmse,5.739470041,,,,
AppliancesEnergy,1NN-ED,rmse,5.768104446,,,,
AppliancesEnergy,5NN-DTW,rmse,4.504957568,,,,
AppliancesEnergy,5NN-ED,rmse,4.470333848,,,,
AppliancesEnergy,CNN,rmse,4.097873871,,,,
AppliancesEnergy,DrCIF,rmse,2.404670056,,,,
AppliancesEnergy,FCN,rmse,4.452677345,,,,
AppliancesEnergy,FPCR,rmse,4.419098604,,,,
AppliancesEnergy,FPCR-Bs,rmse,4.500812926,,,,
AppliancesEnergy,Fedot_Industrial_legacy_baseline,rmse,2.091,,,,
AppliancesEnergy,Fedot_Industrial_legacy_baseline_features,rmse,1.995,,,,
AppliancesEnergy,FreshPRINCE,rmse,2.05397635,,,,
AppliancesEnergy,Grid-SVR,rmse,4.091234714,,,,
AppliancesEnergy,InceptionT,rmse,4.233830274,,,,
AppliancesEnergy,KernelEnsembleRegressor_adaptive_rbf_summary,rmse,3.4467458266143685,1.0,1.0,"{""gamma"": ""scale"", ""generator_names"": [""statistical_summary""], ""kernel"": ""rbf"", ""selector_optimizer"": ""projected_gradient""}","industrial, kernel_learning"
AppliancesEnergy,KernelEnsembleRegressor_embedding_nystrom,rmse,3.447323720937128,2.0,2.0,{},
AppliancesEnergy,KernelEnsembleRegressor_score_linear_summary,rmse,4.227242638874969,1.0,1.0,{},
AppliancesEnergy,KernelEnsembleRegressor_shapelet_rbf,rmse,3.8835464105941404,1.0,2.0,{},
AppliancesEnergy,MultiROCKET,rmse,2.903262103,,,,
AppliancesEnergy,RDST,rmse,3.635581782,,,,
AppliancesEnergy,RIST,rmse,2.210225981,,,,
AppliancesEnergy,ROCKET,rmse,2.768554798,,,,
AppliancesEnergy,RandF,rmse,3.986324286,,,,
AppliancesEnergy,ResNet,rmse,3.957921342,,,,
AppliancesEnergy,Ridge,rmse,4.695629361,,,,
AppliancesEnergy,RotF,rmse,2.557591364,,,,
AppliancesEnergy,SingleInception,rmse,4.399412673,,,,
AppliancesEnergy,TSF,rmse,3.75286625,,,,
AppliancesEnergy,XGBoost,rmse,4.045984681,,,,
AustraliaRainfall,1NN-DTW,rmse,17.08438971,,,,
AustraliaRainfall,1NN-ED,rmse,17.47766346,,,,
AustraliaRainfall,5NN-DTW,rmse,16.12019453,,,,
AustraliaRainfall,5NN-ED,rmse,15.41926235,,,,
AustraliaRainfall,FCN,rmse,14.82055317,,,,
AustraliaRainfall,FPCR,rmse,14.82199857,,,,
AustraliaRainfall,FPCR-Bs,rmse,14.82239032,,,,
AustraliaRainfall,Fedot_Industrial_legacy_baseline,rmse,8.663,,,,
AustraliaRainfall,Fedot_Industrial_legacy_baseline_features,rmse,8.663,,,,
AustraliaRainfall,Grid-SVR,rmse,15.33879225,,,,
AustraliaRainfall,ROCKET,rmse,17.87890507,,,,
AustraliaRainfall,RandF,rmse,15.19109298,,,,
AustraliaRainfall,ResNet,rmse,19.03223058,,,,
AustraliaRainfall,SingleInception,rmse,15.29918905,,,,
AustraliaRainfall,XGBoost,rmse,16.28284426,,,,
BIDMC32HR,1NN-DTW,rmse,1.944836513,,,,
BIDMC32HR,1NN-ED,rmse,6.544297196,,,,
BIDMC32HR,5NN-DTW,rmse,1.904489398,,,,
BIDMC32HR,5NN-ED,rmse,6.990049799,,,,
BIDMC32HR,CNN,rmse,5.229132889,,,,
BIDMC32HR,DrCIF,rmse,1.270281322,,,,
BIDMC32HR,FCN,rmse,1.120175669,,,,
BIDMC32HR,FPCR,rmse,13.03299054,,,,
BIDMC32HR,FPCR-Bs,rmse,13.04355662,,,,
BIDMC32HR,Fedot_Industrial_legacy_baseline,rmse,10.83,,,,
BIDMC32HR,Fedot_Industrial_legacy_baseline_features,rmse,11.118,,,,
BIDMC32HR,FreshPRINCE,rmse,1.039876124,,,,
BIDMC32HR,Grid-SVR,rmse,9.212403597,,,,
BIDMC32HR,InceptionT,rmse,0.578394276,,,,
BIDMC32HR,KernelEnsembleRegressor_adaptive_rbf_summary,rmse,14.465122411013944,1.0,1.0,"{""gamma"": ""scale"", ""generator_names"": [""statistical_summary""], ""kernel"": ""rbf"", ""selector_optimizer"": ""projected_gradient""}","industrial, kernel_learning"
BIDMC32HR,KernelEnsembleRegressor_embedding_nystrom,rmse,14.784888701064917,2.0,2.0,{},
BIDMC32HR,KernelEnsembleRegressor_score_linear_summary,rmse,16.752929820204994,1.0,1.0,{},
BIDMC32HR,KernelEnsembleRegressor_shapelet_rbf,rmse,13.3964059586555,1.0,2.0,{},
BIDMC32HR,MultiROCKET,rmse,0.728346434,,,,
BIDMC32HR,ROCKET,rmse,0.656318391,,,,
BIDMC32HR,RandF,rmse,5.900761199,,,,
BIDMC32HR,ResNet,rmse,0.768738051,,,,
BIDMC32HR,Ridge,rmse,13.75566616,,,,
BIDMC32HR,RotF,rmse,4.884870332,,,,
BIDMC32HR,SingleInception,rmse,0.76554666,,,,
BIDMC32HR,TSF,rmse,3.986726974,,,,
BIDMC32HR,XGBoost,rmse,4.975368586,,,,
BIDMC32RR,1NN-DTW,rmse,1.233577317,,,,
BIDMC32RR,1NN-ED,rmse,2.136593116,,,,
BIDMC32RR,5NN-DTW,rmse,1.229752235,,,,
BIDMC32RR,5NN-ED,rmse,1.986163189,,,,
BIDMC32RR,CNN,rmse,3.536864964,,,,
BIDMC32RR,DrCIF,rmse,0.915401556,,,,
BIDMC32RR,FCN,rmse,0.771525724,,,,
BIDMC32RR,FPCR,rmse,2.952410521,,,,
BIDMC32RR,FPCR-Bs,rmse,2.952190105,,,,
BIDMC32RR,Fedot_Industrial_legacy_baseline,rmse,3.517,,,,
BIDMC32RR,Fedot_Industrial_legacy_baseline_features,rmse,4.711,,,,
BIDMC32RR,FreshPRINCE,rmse,0.68827465,,,,
BIDMC32RR,Grid-SVR,rmse,2.064389723,,,,
BIDMC32RR,InceptionT,rmse,0.499449388,,,,
BIDMC32RR,KernelEnsembleRegressor_adaptive_rbf_summary,rmse,3.740241809974456,1.0,1.0,"{""gamma"": ""scale"", ""generator_names"": [""statistical_summary""], ""kernel"": ""rbf"", ""selector_optimizer"": ""projected_gradient""}","industrial, kernel_learning"
BIDMC32RR,KernelEnsembleRegressor_score_linear_summary,rmse,4.657329153728773,1.0,1.0,{},
BIDMC32RR,MultiROCKET,rmse,0.491408044,,,,
BIDMC32RR,ROCKET,rmse,0.526479263,,,,
BIDMC32RR,RandF,rmse,1.943141729,,,,
BIDMC32RR,ResNet,rmse,0.481028326,,,,
BIDMC32RR,Ridge,rmse,3.017641673,,,,
BIDMC32RR,RotF,rmse,1.711274868,,,,
BIDMC32RR,SingleInception,rmse,0.550188333,,,,
BIDMC32RR,TSF,rmse,1.417203307,,,,
BIDMC32RR,XGBoost,rmse,1.81200164,,,,
BIDMC32SpO2,1NN-DTW,rmse,0.525749639,,,,
BIDMC32SpO2,1NN-ED,rmse,2.508360212,,,,
BIDMC32SpO2,5NN-DTW,rmse,0.53198663,,,,
BIDMC32SpO2,5NN-ED,rmse,2.493010492,,,,
BIDMC32SpO2,CNN,rmse,1.717190177,,,,
BIDMC32SpO2,DrCIF,rmse,0.419849611,,,,
BIDMC32SpO2,FCN,rmse,0.482227459,,,,
BIDMC32SpO2,FPCR,rmse,3.273603213,,,,
BIDMC32SpO2,FPCR-Bs,rmse,3.252908986,,,,
BIDMC32SpO2,Fedot_Industrial_legacy_baseline,rmse,4.802,,,,
BIDMC32SpO2,Fedot_Industrial_legacy_baseline_features,rmse,4.79,,,,
BIDMC32SpO2,FreshPRINCE,rmse,0.34076574,,,,
BIDMC32SpO2,Grid-SVR,rmse,2.221485566,,,,
BIDMC32SpO2,InceptionT,rmse,0.286872959,,,,
BIDMC32SpO2,MultiROCKET,rmse,0.337278622,,,,
BIDMC32SpO2,ROCKET,rmse,0.300322466,,,,
BIDMC32SpO2,RandF,rmse,1.851714001,,,,
BIDMC32SpO2,ResNet,rmse,0.277936368,,,,
BIDMC32SpO2,Ridge,rmse,3.357585575,,,,
BIDMC32SpO2,RotF,rmse,1.644120128,,,,
BIDMC32SpO2,SingleInception,rmse,0.314608667,,,,
BIDMC32SpO2,TSF,rmse,1.275249457,,,,
BIDMC32SpO2,XGBoost,rmse,1.674733578,,,,
BarCrawl6min,1NN-DTW,rmse,0.062662959,,,,
BarCrawl6min,1NN-ED,rmse,0.066425709,,,,
BarCrawl6min,5NN-DTW,rmse,0.053362557,,,,
BarCrawl6min,5NN-ED,rmse,0.062069352,,,,
BarCrawl6min,CNN,rmse,0.103747471,,,,
BarCrawl6min,DrCIF,rmse,0.044797197,,,,
BarCrawl6min,FCN,rmse,0.076753412,,,,
BarCrawl6min,FPCR,rmse,3518353.055,,,,
BarCrawl6min,FPCR-Bs,rmse,3817490.283,,,,
BarCrawl6min,Fedot_Industrial_legacy_baseline,rmse,0.055,,,,
BarCrawl6min,Fedot_Industrial_legacy_baseline_features,rmse,0.0408,,,,
BarCrawl6min,FreshPRINCE,rmse,0.045652221,,,,
BarCrawl6min,Grid-SVR,rmse,0.064097523,,,,
BarCrawl6min,InceptionT,rmse,0.067864228,,,,
BarCrawl6min,KernelEnsembleRegressor_adaptive_rbf_summary,rmse,0.05622970530722082,1.0,1.0,"{""gamma"": ""scale"", ""generator_names"": [""statistical_summary""], ""kernel"": ""rbf"", ""selector_optimizer"": ""projected_gradient""}","industrial, kernel_learning"
BarCrawl6min,KernelEnsembleRegressor_embedding_nystrom,rmse,0.06812820662179021,1.0,2.0,{},
BarCrawl6min,KernelEnsembleRegressor_score_linear_summary,rmse,0.0810905630867077,1.0,1.0,{},
BarCrawl6min,KernelEnsembleRegressor_shapelet_rbf,rmse,0.05598105159934559,2.0,2.0,{},
BarCrawl6min,MultiROCKET,rmse,3987.512042,,,,
BarCrawl6min,RDST,rmse,0.04363626,,,,
BarCrawl6min,RIST,rmse,0.04413029,,,,
BarCrawl6min,ROCKET,rmse,0.053276321,,,,
BarCrawl6min,RandF,rmse,0.048068875,,,,
BarCrawl6min,ResNet,rmse,0.140417453,,,,
BarCrawl6min,Ridge,rmse,631035.9953,,,,
BarCrawl6min,RotF,rmse,0.048150289,,,,
BarCrawl6min,SingleInception,rmse,0.093799242,,,,
BarCrawl6min,TSF,rmse,0.046510842,,,,
BarCrawl6min,XGBoost,rmse,0.052850525,,,,
BeijingIntAirportPM25Quality,1NN-DTW,rmse,77.3589695,,,,
BeijingIntAirportPM25Quality,1NN-ED,rmse,79.32261538,,,,
BeijingIntAirportPM25Quality,5NN-DTW,rmse,60.44781766,,,,
BeijingIntAirportPM25Quality,5NN-ED,rmse,61.6285391,,,,
BeijingIntAirportPM25Quality,CNN,rmse,76.53267538,,,,
BeijingIntAirportPM25Quality,DrCIF,rmse,52.9617686,,,,
BeijingIntAirportPM25Quality,FCN,rmse,64.92161886,,,,
BeijingIntAirportPM25Quality,FPCR,rmse,60.74727977,,,,
BeijingIntAirportPM25Quality,FPCR-Bs,rmse,61.9685727,,,,
BeijingIntAirportPM25Quality,Fedot_Industrial_legacy_baseline,rmse,56.065,,,,
BeijingIntAirportPM25Quality,Fedot_Industrial_legacy_baseline_features,rmse,50.143,,,,
BeijingIntAirportPM25Quality,FreshPRINCE,rmse,50.37171553,,,,
BeijingIntAirportPM25Quality,Grid-SVR,rmse,60.39198862,,,,
BeijingIntAirportPM25Quality,InceptionT,rmse,50.83428843,,,,
BeijingIntAirportPM25Quality,KernelEnsembleRegressor_adaptive_rbf_summary,rmse,74.60925538621079,1.0,1.0,"{""gamma"": ""scale"", ""generator_names"": [""statistical_summary""], ""kernel"": ""rbf"", ""selector_optimizer"": ""projected_gradient""}","industrial, kernel_learning"
BeijingIntAirportPM25Quality,KernelEnsembleRegressor_embedding_nystrom,rmse,74.60926352297834,1.0,2.0,{},
BeijingIntAirportPM25Quality,KernelEnsembleRegressor_score_linear_summary,rmse,66.60049119946198,1.0,1.0,{},
BeijingIntAirportPM25Quality,KernelEnsembleRegressor_shapelet_rbf,rmse,68.30945018569876,1.0,2.0,{},
BeijingIntAirportPM25Quality,MultiROCKET,rmse,56.58781077,,,,
BeijingIntAirportPM25Quality,RDST,rmse,52.93215428,,,,
BeijingIntAirportPM25Quality,RIST,rmse,50.96650303,,,,
BeijingIntAirportPM25Quality,ROCKET,rmse,60.84681768,,,,
BeijingIntAirportPM25Quality,RandF,rmse,54.17358411,,,,
BeijingIntAirportPM25Quality,ResNet,rmse,53.89123911,,,,
BeijingIntAirportPM25Quality,Ridge,rmse,59.67590393,,,,
BeijingIntAirportPM25Quality,RotF,rmse,50.26983514,,,,
BeijingIntAirportPM25Quality,SingleInception,rmse,53.46746147,,,,
BeijingIntAirportPM25Quality,TSF,rmse,66.01408476,,,,
BeijingIntAirportPM25Quality,XGBoost,rmse,53.79926269,,,,
BeijingPM10Quality-no-missing,1NN-DTW,rmse,118.2305708,,,,
BeijingPM10Quality-no-missing,1NN-ED,rmse,119.2461095,,,,
BeijingPM10Quality-no-missing,5NN-DTW,rmse,95.31878536,,,,
BeijingPM10Quality-no-missing,5NN-ED,rmse,97.1306446,,,,
BeijingPM10Quality-no-missing,CNN,rmse,127.5989745,,,,
BeijingPM10Quality-no-missing,DrCIF,rmse,70.57271346,,,,
BeijingPM10Quality-no-missing,FCN,rmse,70.59648282,,,,
BeijingPM10Quality-no-missing,FPCR,rmse,93.04778057,,,,
BeijingPM10Quality-no-missing,FPCR-Bs,rmse,92.62838122,,,,
BeijingPM10Quality-no-missing,Fedot_Industrial_legacy_baseline,rmse,96.95,,,,
BeijingPM10Quality-no-missing,Fedot_Industrial_legacy_baseline_features,rmse,96.752,,,,
BeijingPM10Quality-no-missing,FreshPRINCE,rmse,66.50944565,,,,
BeijingPM10Quality-no-missing,Grid-SVR,rmse,129.9179654,,,,
BeijingPM10Quality-no-missing,InceptionT,rmse,63.84826494,,,,
BeijingPM10Quality-no-missing,MultiROCKET,rmse,89.98578497,,,,
BeijingPM10Quality-no-missing,RDST,rmse,87.28203702,,,,
BeijingPM10Quality-no-missing,RIST,rmse,73.85057594,,,,
BeijingPM10Quality-no-missing,ROCKET,rmse,94.55786311,,,,
BeijingPM10Quality-no-missing,RandF,rmse,71.71257122,,,,
BeijingPM10Quality-no-missing,ResNet,rmse,68.41803993,,,,
BeijingPM10Quality-no-missing,Ridge,rmse,92.35020719,,,,
BeijingPM10Quality-no-missing,RotF,rmse,66.31562754,,,,
BeijingPM10Quality-no-missing,SingleInception,rmse,66.51928845,,,,
BeijingPM10Quality-no-missing,TSF,rmse,84.65717436,,,,
BeijingPM10Quality-no-missing,XGBoost,rmse,66.47481752,,,,
BeijingPM25Quality-no-missing,1NN-DTW,rmse,71.06672594,,,,
BeijingPM25Quality-no-missing,1NN-ED,rmse,73.24569876,,,,
BeijingPM25Quality-no-missing,5NN-DTW,rmse,59.503839,,,,
BeijingPM25Quality-no-missing,5NN-ED,rmse,60.8729557,,,,
BeijingPM25Quality-no-missing,CNN,rmse,99.88757311,,,,
BeijingPM25Quality-no-missing,DrCIF,rmse,47.12754736,,,,
BeijingPM25Quality-no-missing,FCN,rmse,45.52348061,,,,
BeijingPM25Quality-no-missing,FPCR,rmse,62.02824843,,,,
BeijingPM25Quality-no-missing,FPCR-Bs,rmse,61.33602324,,,,
BeijingPM25Quality-no-missing,Fedot_Industrial_legacy_baseline,rmse,65.94,,,,
BeijingPM25Quality-no-missing,Fedot_Industrial_legacy_baseline_features,rmse,60.75,,,,
BeijingPM25Quality-no-missing,FreshPRINCE,rmse,43.4187288,,,,
BeijingPM25Quality-no-missing,Grid-SVR,rmse,108.0123241,,,,
BeijingPM25Quality-no-missing,InceptionT,rmse,40.36065177,,,,
BeijingPM25Quality-no-missing,MultiROCKET,rmse,57.01057898,,,,
BeijingPM25Quality-no-missing,RDST,rmse,56.48930797,,,,
BeijingPM25Quality-no-missing,RIST,rmse,48.52586137,,,,
BeijingPM25Quality-no-missing,ROCKET,rmse,67.00521068,,,,
BeijingPM25Quality-no-missing,RandF,rmse,46.71194667,,,,
BeijingPM25Quality-no-missing,ResNet,rmse,44.16648348,,,,
BeijingPM25Quality-no-missing,Ridge,rmse,60.91478545,,,,
BeijingPM25Quality-no-missing,RotF,rmse,42.83921441,,,,
BeijingPM25Quality-no-missing,SingleInception,rmse,42.00817698,,,,
BeijingPM25Quality-no-missing,TSF,rmse,61.67426186,,,,
BeijingPM25Quality-no-missing,XGBoost,rmse,42.14722797,,,,
BenzeneConcentration-no-missing,1NN-DTW,rmse,4.402314723,,,,
BenzeneConcentration-no-missing,1NN-ED,rmse,4.858189419,,,,
BenzeneConcentration-no-missing,5NN-DTW,rmse,5.053820398,,,,
BenzeneConcentration-no-missing,5NN-ED,rmse,4.240799254,,,,
BenzeneConcentration-no-missing,CNN,rmse,7.543092836,,,,
BenzeneConcentration-no-missing,DrCIF,rmse,3.666043086,,,,
BenzeneConcentration-no-missing,FCN,rmse,0.596533408,,,,
BenzeneConcentration-no-missing,FPCR,rmse,5.241220227,,,,
BenzeneConcentration-no-missing,FPCR-Bs,rmse,4.884305867,,,,
BenzeneConcentration-no-missing,Fedot_Industrial_legacy_baseline,rmse,6.798,,,,
BenzeneConcentration-no-missing,Fedot_Industrial_legacy_baseline_features,rmse,3.82,,,,
BenzeneConcentration-no-missing,FreshPRINCE,rmse,2.132254055,,,,
BenzeneConcentration-no-missing,Grid-SVR,rmse,7.509809904,,,,
BenzeneConcentration-no-missing,InceptionT,rmse,0.22916049,,,,
BenzeneConcentration-no-missing,MultiROCKET,rmse,1.349133527,,,,
BenzeneConcentration-no-missing,RDST,rmse,4.335212407,,,,
BenzeneConcentration-no-missing,RIST,rmse,3.221899252,,,,
BenzeneConcentration-no-missing,ROCKET,rmse,2.217475956,,,,
BenzeneConcentration-no-missing,RandF,rmse,0.283166141,,,,
BenzeneConcentration-no-missing,ResNet,rmse,0.302587025,,,,
BenzeneConcentration-no-missing,Ridge,rmse,1.132592088,,,,
BenzeneConcentration-no-missing,RotF,rmse,0.72873755,,,,
BenzeneConcentration-no-missing,SingleInception,rmse,0.276406289,,,,
BenzeneConcentration-no-missing,TSF,rmse,4.189509525,,,,
BenzeneConcentration-no-missing,XGBoost,rmse,0.218805545,,,,
BinanceCoinSentiment,1NN-DTW,rmse,0.484437618,,,,
BinanceCoinSentiment,1NN-ED,rmse,0.500171093,,,,
BinanceCoinSentiment,5NN-DTW,rmse,0.372488631,,,,
BinanceCoinSentiment,5NN-ED,rmse,0.383144277,,,,
BinanceCoinSentiment,CNN,rmse,0.409496377,,,,
BinanceCoinSentiment,DrCIF,rmse,0.344816194,,,,
BinanceCoinSentiment,FCN,rmse,0.366413712,,,,
BinanceCoinSentiment,FPCR,rmse,0.383120624,,,,
BinanceCoinSentiment,FPCR-Bs,rmse,0.380740753,,,,
BinanceCoinSentiment,Fedot_Industrial_legacy_baseline,rmse,0.363,,,,
BinanceCoinSentiment,Fedot_Industrial_legacy_baseline_features,rmse,0.34,,,,
BinanceCoinSentiment,FreshPRINCE,rmse,0.346051451,,,,
BinanceCoinSentiment,Grid-SVR,rmse,0.353079248,,,,
BinanceCoinSentiment,InceptionT,rmse,0.377683285,,,,
BinanceCoinSentiment,KernelEnsembleRegressor_adaptive_rbf_summary,rmse,0.34823401567029627,1.0,1.0,"{""gamma"": ""scale"", ""generator_names"": [""statistical_summary""], ""kernel"": ""rbf"", ""selector_optimizer"": ""projected_gradient""}","industrial, kernel_learning"
BinanceCoinSentiment,KernelEnsembleRegressor_embedding_nystrom,rmse,0.36013336645297445,2.0,2.0,{},
BinanceCoinSentiment,KernelEnsembleRegressor_score_linear_summary,rmse,0.48056664128227955,1.0,1.0,{},
BinanceCoinSentiment,KernelEnsembleRegressor_shapelet_rbf,rmse,0.34849331406356554,1.0,2.0,{},
BinanceCoinSentiment,MultiROCKET,rmse,0.390666099,,,,
BinanceCoinSentiment,RDST,rmse,0.337504167,,,,
BinanceCoinSentiment,RIST,rmse,0.335865871,,,,
BinanceCoinSentiment,ROCKET,rmse,0.387179411,,,,
BinanceCoinSentiment,RandF,rmse,0.350101117,,,,
BinanceCoinSentiment,ResNet,rmse,0.371932836,,,,
BinanceCoinSentiment,Ridge,rmse,0.513927859,,,,
BinanceCoinSentiment,RotF,rmse,0.353827765,,,,
BinanceCoinSentiment,SingleInception,rmse,0.385786915,,,,
BinanceCoinSentiment,TSF,rmse,0.34794853,,,,
BinanceCoinSentiment,XGBoost,rmse,0.377765861,,,,
BitcoinSentiment,1NN-DTW,rmse,0.260327531,,,,
BitcoinSentiment,1NN-ED,rmse,0.264243793,,,,
BitcoinSentiment,5NN-DTW,rmse,0.207364596,,,,
BitcoinSentiment,5NN-ED,rmse,0.207242956,,,,
BitcoinSentiment,CNN,rmse,0.246243091,,,,
BitcoinSentiment,DrCIF,rmse,0.197054796,,,,
BitcoinSentiment,FCN,rmse,0.220598358,,,,
BitcoinSentiment,FPCR,rmse,0.211556332,,,,
BitcoinSentiment,FPCR-Bs,rmse,0.215563662,,,,
BitcoinSentiment,Fedot_Industrial_legacy_baseline,rmse,0.273,,,,
BitcoinSentiment,Fedot_Industrial_legacy_baseline_features,rmse,0.225,,,,
BitcoinSentiment,FreshPRINCE,rmse,0.201173361,,,,
BitcoinSentiment,Grid-SVR,rmse,0.246648992,,,,
BitcoinSentiment,InceptionT,rmse,0.218466696,,,,
BitcoinSentiment,KernelEnsembleRegressor_adaptive_rbf_summary,rmse,0.2235322623928127,1.0,1.0,"{""gamma"": ""scale"", ""generator_names"": [""statistical_summary""], ""kernel"": ""rbf"", ""selector_optimizer"": ""projected_gradient""}","industrial, kernel_learning"
BitcoinSentiment,KernelEnsembleRegressor_embedding_nystrom,rmse,0.22353282797933496,1.0,2.0,{},
BitcoinSentiment,KernelEnsembleRegressor_score_linear_summary,rmse,0.23117985177979894,1.0,1.0,{},
BitcoinSentiment,KernelEnsembleRegressor_shapelet_rbf,rmse,0.2235322623928127,1.0,2.0,{},
BitcoinSentiment,MultiROCKET,rmse,0.204024328,,,,
BitcoinSentiment,RDST,rmse,0.202498319,,,,
BitcoinSentiment,RIST,rmse,0.202755506,,,,
BitcoinSentiment,ROCKET,rmse,0.268838168,,,,
BitcoinSentiment,RandF,rmse,0.19930574,,,,
BitcoinSentiment,ResNet,rmse,0.226851539,,,,
BitcoinSentiment,Ridge,rmse,0.232402563,,,,
BitcoinSentiment,RotF,rmse,0.201430538,,,,
BitcoinSentiment,SingleInception,rmse,0.224384504,,,,
BitcoinSentiment,TSF,rmse,0.209727099,,,,
BitcoinSentiment,XGBoost,rmse,0.208649615,,,,
BoronConcentration,1NN-DTW,rmse,1.993851285,,,,
BoronConcentration,1NN-ED,rmse,1.861264882,,,,
BoronConcentration,5NN-DTW,rmse,1.909408858,,,,
BoronConcentration,5NN-ED,rmse,1.982374851,,,,
BoronConcentration,CNN,rmse,3.60876857,,,,
BoronConcentration,DrCIF,rmse,1.762709179,,,,
BoronConcentration,FCN,rmse,5.724229475,,,,
BoronConcentration,FPCR,rmse,1.814600193,,,,
BoronConcentration,FPCR-Bs,rmse,1.834672609,,,,
BoronConcentration,Fedot_Industrial_legacy_baseline,rmse,0.923,,,,
BoronConcentration,Fedot_Industrial_legacy_baseline_features,rmse,0.897,,,,
BoronConcentration,FreshPRINCE,rmse,1.880072126,,,,
BoronConcentration,Grid-SVR,rmse,1.625566089,,,,
BoronConcentration,InceptionT,rmse,1.710220341,,,,
BoronConcentration,MultiROCKET,rmse,2.026824125,,,,
BoronConcentration,RDST,rmse,2.288707576,,,,
BoronConcentration,RIST,rmse,2.253422264,,,,
BoronConcentration,ROCKET,rmse,2.131066682,,,,
BoronConcentration,RandF,rmse,2.315726705,,,,
BoronConcentration,ResNet,rmse,2.765996615,,,,
BoronConcentration,Ridge,rmse,1.802806243,,,,
BoronConcentration,RotF,rmse,1.885017573,,,,
BoronConcentration,SingleInception,rmse,1.801264035,,,,
BoronConcentration,TSF,rmse,2.038787098,,,,
BoronConcentration,XGBoost,rmse,2.895464606,,,,
CalciumConcentration,1NN-DTW,rmse,4236.15138,,,,
CalciumConcentration,1NN-ED,rmse,3027.549129,,,,
CalciumConcentration,5NN-DTW,rmse,3446.114173,,,,
CalciumConcentration,5NN-ED,rmse,3095.929708,,,,
CalciumConcentration,CNN,rmse,3247.369894,,,,
CalciumConcentration,DrCIF,rmse,1938.746885,,,,
CalciumConcentration,FCN,rmse,3539.993435,,,,
CalciumConcentration,FPCR,rmse,2983.270751,,,,
CalciumConcentration,FPCR-Bs,rmse,3094.429853,,,,
CalciumConcentration,Fedot_Industrial_legacy_baseline,rmse,2946.2,,,,
CalciumConcentration,Fedot_Industrial_legacy_baseline_features,rmse,3392.32,,,,
CalciumConcentration,FreshPRINCE,rmse,2189.777141,,,,
CalciumConcentration,Grid-SVR,rmse,3564.986836,,,,
CalciumConcentration,InceptionT,rmse,2471.502471,,,,
CalciumConcentration,MultiROCKET,rmse,2050.048336,,,,
CalciumConcentration,RDST,rmse,2776.351446,,,,
CalciumConcentration,RIST,rmse,2169.959685,,,,
CalciumConcentration,ROCKET,rmse,2487.968147,,,,
CalciumConcentration,RandF,rmse,2963.172908,,,,
CalciumConcentration,ResNet,rmse,3026.672964,,,,
CalciumConcentration,Ridge,rmse,2103.223186,,,,
CalciumConcentration,RotF,rmse,1783.894975,,,,
CalciumConcentration,SingleInception,rmse,2478.981119,,,,
CalciumConcentration,TSF,rmse,2343.737929,,,,
CalciumConcentration,XGBoost,rmse,3533.258208,,,,
CardanoSentiment,1NN-DTW,rmse,0.39308262,,,,
CardanoSentiment,1NN-ED,rmse,0.421636694,,,,
CardanoSentiment,5NN-DTW,rmse,0.316564733,,,,
CardanoSentiment,5NN-ED,rmse,0.315415757,,,,
CardanoSentiment,CNN,rmse,0.43702548,,,,
CardanoSentiment,DrCIF,rmse,0.297389003,,,,
CardanoSentiment,FCN,rmse,0.304449483,,,,
CardanoSentiment,FPCR,rmse,0.333628089,,,,
CardanoSentiment,FPCR-Bs,rmse,0.342885221,,,,
CardanoSentiment,Fedot_Industrial_legacy_baseline,rmse,0.3,,,,
CardanoSentiment,Fedot_Industrial_legacy_baseline_features,rmse,0.316,,,,
CardanoSentiment,FreshPRINCE,rmse,0.301726554,,,,
CardanoSentiment,Grid-SVR,rmse,0.287278644,,,,
CardanoSentiment,InceptionT,rmse,0.349369829,,,,
CardanoSentiment,KernelEnsembleRegressor_adaptive_rbf_summary,rmse,0.3031291312080932,1.0,1.0,"{""gamma"": ""scale"", ""generator_names"": [""statistical_summary""], ""kernel"": ""rbf"", ""selector_optimizer"": ""projected_gradient""}","industrial, kernel_learning"
CardanoSentiment,KernelEnsembleRegressor_embedding_nystrom,rmse,0.32693180356928364,1.0,2.0,{},
CardanoSentiment,KernelEnsembleRegressor_score_linear_summary,rmse,0.33108002607986636,1.0,1.0,{},
CardanoSentiment,KernelEnsembleRegressor_shapelet_rbf,rmse,0.30141157665154866,1.0,2.0,{},
CardanoSentiment,MultiROCKET,rmse,0.329562653,,,,
CardanoSentiment,RDST,rmse,0.283633795,,,,
CardanoSentiment,RIST,rmse,0.294080993,,,,
CardanoSentiment,ROCKET,rmse,0.306466795,,,,
CardanoSentiment,RandF,rmse,0.295905818,,,,
CardanoSentiment,ResNet,rmse,0.324041474,,,,
CardanoSentiment,Ridge,rmse,0.388115057,,,,
CardanoSentiment,RotF,rmse,0.305285423,,,,
CardanoSentiment,SingleInception,rmse,0.357882449,,,,
CardanoSentiment,TSF,rmse,0.29985142,,,,
CardanoSentiment,XGBoost,rmse,0.324627354,,,,
ChilledWaterPredictor,1NN-DTW,rmse,3350.285304,,,,
ChilledWaterPredictor,1NN-ED,rmse,2224.276368,,,,
ChilledWaterPredictor,5NN-DTW,rmse,2420.350041,,,,
ChilledWaterPredictor,5NN-ED,rmse,2200.831018,,,,
ChilledWaterPredictor,CNN,rmse,2215.133646,,,,
ChilledWaterPredictor,DrCIF,rmse,2241.064341,,,,
ChilledWaterPredictor,FCN,rmse,2215.939738,,,,
ChilledWaterPredictor,FPCR,rmse,2332.364049,,,,
ChilledWaterPredictor,FPCR-Bs,rmse,2364.754528,,,,
ChilledWaterPredictor,Fedot_Industrial_legacy_baseline,rmse,2044.785,,,,
ChilledWaterPredictor,Fedot_Industrial_legacy_baseline_features,rmse,3093.211,,,,
ChilledWaterPredictor,FreshPRINCE,rmse,2479.203355,,,,
ChilledWaterPredictor,Grid-SVR,rmse,2205.152431,,,,
ChilledWaterPredictor,InceptionT,rmse,2146.749891,,,,
ChilledWaterPredictor,KernelEnsembleRegressor_adaptive_rbf_summary,rmse,803.4133287854336,1.0,1.0,"{""gamma"": ""scale"", ""generator_names"": [""statistical_summary""], ""kernel"": ""rbf"", ""selector_optimizer"": ""projected_gradient""}","industrial, kernel_learning"
ChilledWaterPredictor,KernelEnsembleRegressor_embedding_nystrom,rmse,950.8784234555881,2.0,2.0,{},
ChilledWaterPredictor,KernelEnsembleRegressor_score_linear_summary,rmse,1363.2663997121451,1.0,1.0,{},
ChilledWaterPredictor,KernelEnsembleRegressor_shapelet_rbf,rmse,720.8670224267628,1.0,2.0,{},
ChilledWaterPredictor,MultiROCKET,rmse,2419.593925,,,,
ChilledWaterPredictor,RDST,rmse,1744.370404,,,,
ChilledWaterPredictor,RIST,rmse,1815.495197,,,,
ChilledWaterPredictor,ROCKET,rmse,2517.901417,,,,
ChilledWaterPredictor,RandF,rmse,2449.605008,,,,
ChilledWaterPredictor,ResNet,rmse,2202.908042,,,,
ChilledWaterPredictor,Ridge,rmse,4346.00899,,,,
ChilledWaterPredictor,RotF,rmse,2437.387177,,,,
ChilledWaterPredictor,SingleInception,rmse,2138.914979,,,,
ChilledWaterPredictor,TSF,rmse,2286.957962,,,,
ChilledWaterPredictor,XGBoost,rmse,3137.416197,,,,
CopperConcentration,1NN-DTW,rmse,2.481286465,,,,
CopperConcentration,1NN-ED,rmse,2.41371588,,,,
CopperConcentration,5NN-DTW,rmse,1.934786775,,,,
CopperConcentration,5NN-ED,rmse,1.953788775,,,,
CopperConcentration,CNN,rmse,2.343640554,,,,
CopperConcentration,DrCIF,rmse,1.826204251,,,,
CopperConcentration,FCN,rmse,5.178148741,,,,
CopperConcentration,FPCR,rmse,1.925903779,,,,
CopperConcentration,FPCR-Bs,rmse,1.900740461,,,,
CopperConcentration,Fedot_Industrial_legacy_baseline,rmse,2.222,,,,
CopperConcentration,Fedot_Industrial_legacy_baseline_features,rmse,1.88,,,,
CopperConcentration,FreshPRINCE,rmse,1.845850754,,,,
CopperConcentration,Grid-SVR,rmse,1.838950709,,,,
CopperConcentration,InceptionT,rmse,1.840679375,,,,
CopperConcentration,MultiROCKET,rmse,1.838508249,,,,
CopperConcentration,RDST,rmse,1.856972488,,,,
CopperConcentration,RIST,rmse,1.862385913,,,,
CopperConcentration,ROCKET,rmse,2.042072334,,,,
CopperConcentration,RandF,rmse,1.951352421,,,,
CopperConcentration,ResNet,rmse,2.096999323,,,,
CopperConcentration,Ridge,rmse,1.819888738,,,,
CopperConcentration,RotF,rmse,1.863294371,,,,
CopperConcentration,SingleInception,rmse,1.918499428,,,,
CopperConcentration,TSF,rmse,1.902307477,,,,
CopperConcentration,XGBoost,rmse,2.014370357,,,,
Covid19Andalusia,1NN-DTW,rmse,0.015411957,,,,
Covid19Andalusia,1NN-ED,rmse,0.017819044,,,,
Covid19Andalusia,5NN-DTW,rmse,0.015329637,,,,
Covid19Andalusia,5NN-ED,rmse,0.015442732,,,,
Covid19Andalusia,CNN,rmse,0.016963659,,,,
Covid19Andalusia,DrCIF,rmse,0.012818764,,,,
Covid19Andalusia,FCN,rmse,0.029880677,,,,
Covid19Andalusia,FPCR,rmse,0.029812164,,,,
Covid19Andalusia,FPCR-Bs,rmse,0.029806544,,,,
Covid19Andalusia,Fedot_Industrial_legacy_baseline,rmse,0.03,,,,
Covid19Andalusia,Fedot_Industrial_legacy_baseline_features,rmse,0.0137,,,,
Covid19Andalusia,FreshPRINCE,rmse,0.012610278,,,,
Covid19Andalusia,Grid-SVR,rmse,0.068612314,,,,
Covid19Andalusia,InceptionT,rmse,0.017454567,,,,
Covid19Andalusia,KernelEnsembleRegressor_adaptive_rbf_summary,rmse,0.02737878695587009,1.0,1.0,"{""gamma"": ""scale"", ""generator_names"": [""statistical_summary""], ""kernel"": ""rbf"", ""selector_optimizer"": ""projected_gradient""}","industrial, kernel_learning"
Covid19Andalusia,KernelEnsembleRegressor_embedding_nystrom,rmse,0.023664762475820188,1.0,2.0,{},
Covid19Andalusia,KernelEnsembleRegressor_score_linear_summary,rmse,0.02200650970222454,1.0,1.0,{},
Covid19Andalusia,KernelEnsembleRegressor_shapelet_rbf,rmse,0.017193238227876384,1.0,2.0,{},
Covid19Andalusia,MultiROCKET,rmse,0.013022529,,,,
Covid19Andalusia,RDST,rmse,0.01199328,,,,
Covid19Andalusia,RIST,rmse,0.012130119,,,,
Covid19Andalusia,ROCKET,rmse,0.014202468,,,,
Covid19Andalusia,RandF,rmse,0.013820736,,,,
Covid19Andalusia,ResNet,rmse,0.031720646,,,,
Covid19Andalusia,Ridge,rmse,0.052312584,,,,
Covid19Andalusia,RotF,rmse,0.013260111,,,,
Covid19Andalusia,SingleInception,rmse,0.027464419,,,,
Covid19Andalusia,TSF,rmse,0.01264386,,,,
Covid19Andalusia,XGBoost,rmse,0.013905774,,,,
Covid3Month,1NN-DTW,rmse,0.05455252,,,,
Covid3Month,1NN-ED,rmse,0.053301533,,,,
Covid3Month,5NN-DTW,rmse,0.041269821,,,,
Covid3Month,5NN-ED,rmse,0.040782524,,,,
Covid3Month,CNN,rmse,0.067597662,,,,
Covid3Month,DrCIF,rmse,0.039773028,,,,
Covid3Month,FCN,rmse,0.06789909,,,,
Covid3Month,FPCR,rmse,0.048775303,,,,
Covid3Month,FPCR-Bs,rmse,199.9204857,,,,
Covid3Month,Fedot_Industrial_legacy_baseline,rmse,14.138,,,,
Covid3Month,Fedot_Industrial_legacy_baseline_features,rmse,17.843,,,,
Covid3Month,FreshPRINCE,rmse,0.038299173,,,,
Covid3Month,Grid-SVR,rmse,0.066855004,,,,
Covid3Month,InceptionT,rmse,0.054720961,,,,
Covid3Month,KernelEnsembleRegressor_adaptive_rbf_summary,rmse,0.04399319151498854,1.0,1.0,"{""gamma"": ""scale"", ""generator_names"": [""statistical_summary""], ""kernel"": ""rbf"", ""selector_optimizer"": ""projected_gradient""}","industrial, kernel_learning"
Covid3Month,KernelEnsembleRegressor_embedding_nystrom,rmse,0.04342581518847598,1.0,2.0,{},
Covid3Month,KernelEnsembleRegressor_score_linear_summary,rmse,0.056538607512799204,1.0,1.0,{},
Covid3Month,KernelEnsembleRegressor_shapelet_rbf,rmse,0.04380730999521836,2.0,2.0,{},
Covid3Month,MultiROCKET,rmse,0.187979421,,,,
Covid3Month,RDST,rmse,270660000000.0,,,,
Covid3Month,RIST,rmse,0.039362733,,,,
Covid3Month,ROCKET,rmse,0.042819044,,,,
Covid3Month,RandF,rmse,0.040183092,,,,
Covid3Month,ResNet,rmse,0.124415677,,,,
Covid3Month,Ridge,rmse,0.464643465,,,,
Covid3Month,RotF,rmse,0.041697593,,,,
Covid3Month,SingleInception,rmse,0.074202343,,,,
Covid3Month,TSF,rmse,0.03895102,,,,
Covid3Month,XGBoost,rmse,0.0449341,,,,
DailyOilGasPrices,1NN-DTW,rmse,2.742104965,,,,
DailyOilGasPrices,1NN-ED,rmse,2.822594755,,,,
DailyOilGasPrices,5NN-DTW,rmse,2.055256323,,,,
DailyOilGasPrices,5NN-ED,rmse,2.251423798,,,,
DailyOilGasPrices,CNN,rmse,2.150854011,,,,
DailyOilGasPrices,DrCIF,rmse,1.594442325,,,,
DailyOilGasPrices,FCN,rmse,2.069046448,,,,
DailyOilGasPrices,FPCR,rmse,2.05238854,,,,
DailyOilGasPrices,FPCR-Bs,rmse,2.097964143,,,,
DailyOilGasPrices,Fedot_Industrial_legacy_baseline,rmse,1.716,,,,
DailyOilGasPrices,Fedot_Industrial_legacy_baseline_features,rmse,1.23,,,,
DailyOilGasPrices,FreshPRINCE,rmse,1.490441862,,,,
DailyOilGasPrices,Grid-SVR,rmse,2.203537324,,,,
DailyOilGasPrices,InceptionT,rmse,2.030314809,,,,
DailyOilGasPrices,KernelEnsembleRegressor_adaptive_rbf_summary,rmse,1.4618068269295916,1.0,1.0,"{""gamma"": ""scale"", ""generator_names"": [""statistical_summary""], ""kernel"": ""rbf"", ""selector_optimizer"": ""projected_gradient""}","industrial, kernel_learning"
DailyOilGasPrices,KernelEnsembleRegressor_embedding_nystrom,rmse,1.4624144785798547,1.0,2.0,{},
DailyOilGasPrices,KernelEnsembleRegressor_score_linear_summary,rmse,4.258354540707034,1.0,1.0,{},
DailyOilGasPrices,KernelEnsembleRegressor_shapelet_rbf,rmse,1.4618068269295916,1.0,2.0,{},
DailyOilGasPrices,MultiROCKET,rmse,1.773578212,,,,
DailyOilGasPrices,RDST,rmse,1.772813152,,,,
DailyOilGasPrices,RIST,rmse,1.501047437,,,,
DailyOilGasPrices,ROCKET,rmse,2.275253774,,,,
DailyOilGasPrices,RandF,rmse,1.70819581,,,,
DailyOilGasPrices,ResNet,rmse,1.938074244,,,,
DailyOilGasPrices,Ridge,rmse,2.363609487,,,,
DailyOilGasPrices,RotF,rmse,1.559385261,,,,
DailyOilGasPrices,SingleInception,rmse,2.149367716,,,,
DailyOilGasPrices,TSF,rmse,1.684827856,,,,
DailyOilGasPrices,XGBoost,rmse,1.716902549,,,,
DailyTemperatureLatitude,1NN-DTW,rmse,2.274194001,,,,
DailyTemperatureLatitude,1NN-ED,rmse,2.930518905,,,,
DailyTemperatureLatitude,5NN-DTW,rmse,2.158074383,,,,
DailyTemperatureLatitude,5NN-ED,rmse,3.021105577,,,,
DailyTemperatureLatitude,CNN,rmse,5.427369621,,,,
DailyTemperatureLatitude,DrCIF,rmse,1.950407394,,,,
DailyTemperatureLatitude,FCN,rmse,6.156038706,,,,
DailyTemperatureLatitude,FPCR,rmse,10.70029761,,,,
DailyTemperatureLatitude,FPCR-Bs,rmse,10.66030699,,,,
DailyTemperatureLatitude,Fedot_Industrial_legacy_baseline,rmse,11.8,,,,
DailyTemperatureLatitude,Fedot_Industrial_legacy_baseline_features,rmse,2.317,,,,
DailyTemperatureLatitude,FreshPRINCE,rmse,1.782911045,,,,
DailyTemperatureLatitude,Grid-SVR,rmse,7.795729473,,,,
DailyTemperatureLatitude,InceptionT,rmse,1.615974041,,,,
DailyTemperatureLatitude,MultiROCKET,rmse,2.903165535,,,,
DailyTemperatureLatitude,RDST,rmse,3.112871344,,,,
DailyTemperatureLatitude,RIST,rmse,1.779312953,,,,
DailyTemperatureLatitude,ROCKET,rmse,4.734259669,,,,
DailyTemperatureLatitude,RandF,rmse,3.116088241,,,,
DailyTemperatureLatitude,ResNet,rmse,4.985806594,,,,
DailyTemperatureLatitude,Ridge,rmse,10.03085542,,,,
DailyTemperatureLatitude,RotF,rmse,2.677904382,,,,
DailyTemperatureLatitude,SingleInception,rmse,1.780762077,,,,
DailyTemperatureLatitude,TSF,rmse,2.151805902,,,,
DailyTemperatureLatitude,XGBoost,rmse,2.942073421,,,,
DhakaHourlyAirQuality,1NN-DTW,rmse,7.448273555,,,,
DhakaHourlyAirQuality,1NN-ED,rmse,6.442643089,,,,
DhakaHourlyAirQuality,5NN-DTW,rmse,5.133465441,,,,
DhakaHourlyAirQuality,5NN-ED,rmse,4.632155171,,,,
DhakaHourlyAirQuality,CNN,rmse,8.680293411,,,,
DhakaHourlyAirQuality,DrCIF,rmse,3.171019856,,,,
DhakaHourlyAirQuality,FCN,rmse,10.26525866,,,,
DhakaHourlyAirQuality,FPCR,rmse,12.36874559,,,,
DhakaHourlyAirQuality,FPCR-Bs,rmse,12.38410617,,,,
DhakaHourlyAirQuality,Fedot_Industrial_legacy_baseline,rmse,10000000000.0,,,,
DhakaHourlyAirQuality,Fedot_Industrial_legacy_baseline_features,rmse,10000000000.0,,,,
DhakaHourlyAirQuality,FreshPRINCE,rmse,1.784269657,,,,
DhakaHourlyAirQuality,Grid-SVR,rmse,44.73789737,,,,
DhakaHourlyAirQuality,InceptionT,rmse,4.053259306,,,,
DhakaHourlyAirQuality,KernelEnsembleRegressor_adaptive_rbf_summary,rmse,13.759289233186697,1.0,1.0,"{""gamma"": ""scale"", ""generator_names"": [""statistical_summary""], ""kernel"": ""rbf"", ""selector_optimizer"": ""projected_gradient""}","industrial, kernel_learning"
DhakaHourlyAirQuality,KernelEnsembleRegressor_embedding_nystrom,rmse,51.77409120365034,1.0,2.0,{},
DhakaHourlyAirQuality,KernelEnsembleRegressor_score_linear_summary,rmse,8.918017592675842,1.0,1.0,{},
DhakaHourlyAirQuality,KernelEnsembleRegressor_shapelet_rbf,rmse,13.081698661569432,1.0,2.0,{},
DhakaHourlyAirQuality,MultiROCKET,rmse,4.256387447,,,,
DhakaHourlyAirQuality,RDST,rmse,7.242909807,,,,
DhakaHourlyAirQuality,RIST,rmse,2.00711456,,,,
DhakaHourlyAirQuality,ROCKET,rmse,46.89615555,,,,
DhakaHourlyAirQuality,RandF,rmse,5.571973061,,,,
DhakaHourlyAirQuality,ResNet,rmse,5.915341674,,,,
DhakaHourlyAirQuality,Ridge,rmse,12.45696514,,,,
DhakaHourlyAirQuality,RotF,rmse,2.702426154,,,,
DhakaHourlyAirQuality,SingleInception,rmse,5.476822887,,,,
DhakaHourlyAirQuality,TSF,rmse,4.813816587,,,,
DhakaHourlyAirQuality,XGBoost,rmse,4.946150527,,,,
ElectricMotorTemperature,1NN-DTW,rmse,8.840428872,,,,
ElectricMotorTemperature,1NN-ED,rmse,9.023510382,,,,
ElectricMotorTemperature,5NN-DTW,rmse,7.604740499,,,,
ElectricMotorTemperature,5NN-ED,rmse,7.833622624,,,,
ElectricMotorTemperature,CNN,rmse,17.60786337,,,,
ElectricMotorTemperature,DrCIF,rmse,4.656283975,,,,
ElectricMotorTemperature,FCN,rmse,6.593876469,,,,
ElectricMotorTemperature,FPCR,rmse,11.97949002,,,,
ElectricMotorTemperature,FPCR-Bs,rmse,11.96936382,,,,
ElectricMotorTemperature,Fedot_Industrial_legacy_baseline,rmse,11.6,,,,
ElectricMotorTemperature,Fedot_Industrial_legacy_baseline_features,rmse,4.21,,,,
ElectricMotorTemperature,FreshPRINCE,rmse,4.65017019,,,,
ElectricMotorTemperature,Grid-SVR,rmse,8.609297831,,,,
ElectricMotorTemperature,InceptionT,rmse,4.728375239,,,,
ElectricMotorTemperature,KernelEnsembleRegressor_adaptive_rbf_summary,rmse,14.398659004699423,1.0,1.0,"{""gamma"": ""scale"", ""generator_names"": [""statistical_summary""], ""kernel"": ""rbf"", ""selector_optimizer"": ""projected_gradient""}","industrial, kernel_learning"
ElectricMotorTemperature,KernelEnsembleRegressor_score_linear_summary,rmse,13.011948716039887,1.0,1.0,{},
ElectricMotorTemperature,MultiROCKET,rmse,7.379061751,,,,
ElectricMotorTemperature,RDST,rmse,10.43812574,,,,
ElectricMotorTemperature,RIST,rmse,4.782016209,,,,
ElectricMotorTemperature,ROCKET,rmse,12.27097172,,,,
ElectricMotorTemperature,RandF,rmse,5.241817554,,,,
ElectricMotorTemperature,ResNet,rmse,5.911347431,,,,
ElectricMotorTemperature,Ridge,rmse,11.98277176,,,,
ElectricMotorTemperature,RotF,rmse,4.698073983,,,,
ElectricMotorTemperature,SingleInception,rmse,5.163396151,,,,
ElectricMotorTemperature,TSF,rmse,8.869247128,,,,
ElectricMotorTemperature,XGBoost,rmse,5.31269085,,,,
ElectricityPredictor,1NN-DTW,rmse,666.8095994,,,,
ElectricityPredictor,1NN-ED,rmse,684.4845453,,,,
ElectricityPredictor,5NN-DTW,rmse,469.3780178,,,,
ElectricityPredictor,5NN-ED,rmse,493.4781641,,,,
ElectricityPredictor,CNN,rmse,484.637414,,,,
ElectricityPredictor,DrCIF,rmse,587.4044025,,,,
ElectricityPredictor,FCN,rmse,609.9700474,,,,
ElectricityPredictor,FPCR,rmse,455.941085,,,,
ElectricityPredictor,FPCR-Bs,rmse,465.8443466,,,,
ElectricityPredictor,Fedot_Industrial_legacy_baseline,rmse,422.59,,,,
ElectricityPredictor,Fedot_Industrial_legacy_baseline_features,rmse,421.59,,,,
ElectricityPredictor,FreshPRINCE,rmse,582.6548477,,,,
ElectricityPredictor,Grid-SVR,rmse,464.3892486,,,,
ElectricityPredictor,InceptionT,rmse,589.4681401,,,,
ElectricityPredictor,KernelEnsembleRegressor_adaptive_rbf_summary,rmse,511.32937692210135,1.0,1.0,"{""gamma"": ""scale"", ""generator_names"": [""statistical_summary""], ""kernel"": ""rbf"", ""selector_optimizer"": ""projected_gradient""}","industrial, kernel_learning"
ElectricityPredictor,KernelEnsembleRegressor_embedding_nystrom,rmse,511.4620209498091,1.0,2.0,{},
ElectricityPredictor,KernelEnsembleRegressor_score_linear_summary,rmse,472.5536862393741,1.0,1.0,{},
ElectricityPredictor,KernelEnsembleRegressor_shapelet_rbf,rmse,511.32937692210135,1.0,2.0,{},
ElectricityPredictor,MultiROCKET,rmse,596.3895995,,,,
ElectricityPredictor,RDST,rmse,527.927002,,,,
ElectricityPredictor,RIST,rmse,601.6258625,,,,
ElectricityPredictor,ROCKET,rmse,575.6958267,,,,
ElectricityPredictor,RandF,rmse,527.3431984,,,,
ElectricityPredictor,ResNet,rmse,589.4279537,,,,
ElectricityPredictor,Ridge,rmse,574.558434,,,,
ElectricityPredictor,RotF,rmse,606.6626791,,,,
ElectricityPredictor,SingleInception,rmse,588.6598471,,,,
ElectricityPredictor,TSF,rmse,604.1935433,,,,
ElectricityPredictor,XGBoost,rmse,618.172663,,,,
EthereumSentiment,1NN-DTW,rmse,0.318791226,,,,
EthereumSentiment,1NN-ED,rmse,0.333878071,,,,
EthereumSentiment,5NN-DTW,rmse,0.241216524,,,,
EthereumSentiment,5NN-ED,rmse,0.246046321,,,,
EthereumSentiment,CNN,rmse,0.271609893,,,,
EthereumSentiment,DrCIF,rmse,0.223447745,,,,
EthereumSentiment,FCN,rmse,0.252702232,,,,
EthereumSentiment,FPCR,rmse,0.231336437,,,,
EthereumSentiment,FPCR-Bs,rmse,0.235168568,,,,
EthereumSentiment,Fedot_Industrial_legacy_baseline,rmse,0.273,,,,
EthereumSentiment,Fedot_Industrial_legacy_baseline_features,rmse,0.225,,,,
EthereumSentiment,FreshPRINCE,rmse,0.225875862,,,,
EthereumSentiment,Grid-SVR,rmse,0.257539278,,,,
EthereumSentiment,InceptionT,rmse,0.251959894,,,,
EthereumSentiment,KernelEnsembleRegressor_adaptive_rbf_summary,rmse,0.23356782261491066,1.0,1.0,"{""gamma"": ""scale"", ""generator_names"": [""statistical_summary""], ""kernel"": ""rbf"", ""selector_optimizer"": ""projected_gradient""}","industrial, kernel_learning"
EthereumSentiment,KernelEnsembleRegressor_embedding_nystrom,rmse,0.23354773817890737,1.0,2.0,{},
EthereumSentiment,KernelEnsembleRegressor_score_linear_summary,rmse,0.2314785032958484,1.0,1.0,{},
EthereumSentiment,KernelEnsembleRegressor_shapelet_rbf,rmse,0.2277136032820735,1.0,2.0,{},
EthereumSentiment,MultiROCKET,rmse,0.249027947,,,,
EthereumSentiment,RDST,rmse,0.239878551,,,,
EthereumSentiment,RIST,rmse,0.241129334,,,,
EthereumSentiment,ROCKET,rmse,0.287077481,,,,
EthereumSentiment,RandF,rmse,0.233019869,,,,
EthereumSentiment,ResNet,rmse,0.255853843,,,,
EthereumSentiment,Ridge,rmse,0.262168186,,,,
EthereumSentiment,RotF,rmse,0.229423346,,,,
EthereumSentiment,SingleInception,rmse,0.257753472,,,,
EthereumSentiment,TSF,rmse,0.234476522,,,,
EthereumSentiment,XGBoost,rmse,0.252351128,,,,
FloodModeling1,1NN-DTW,rmse,0.013816743,,,,
FloodModeling1,1NN-ED,rmse,0.01851083,,,,
FloodModeling1,5NN-DTW,rmse,0.01312439,,,,
FloodModeling1,5NN-ED,rmse,0.019008778,,,,
FloodModeling1,CNN,rmse,0.017235534,,,,
FloodModeling1,DrCIF,rmse,0.009462636,,,,
FloodModeling1,FCN,rmse,0.009509602,,,,
FloodModeling1,FPCR,rmse,0.021318964,,,,
FloodModeling1,FPCR-Bs,rmse,0.020826831,,,,
FloodModeling1,Fedot_Industrial_legacy_baseline,rmse,0.01886,,,,
FloodModeling1,Fedot_Industrial_legacy_baseline_features,rmse,0.00612,,,,
FloodModeling1,FreshPRINCE,rmse,0.008750739,,,,
FloodModeling1,Grid-SVR,rmse,0.038323447,,,,
FloodModeling1,InceptionT,rmse,0.006429461,,,,
FloodModeling1,KernelEnsembleRegressor_adaptive_rbf_summary,rmse,0.020653830307900047,1.0,1.0,"{""gamma"": ""scale"", ""generator_names"": [""statistical_summary""], ""kernel"": ""rbf"", ""selector_optimizer"": ""projected_gradient""}","industrial, kernel_learning"
FloodModeling1,KernelEnsembleRegressor_embedding_nystrom,rmse,0.046934373759218745,1.0,2.0,{},
FloodModeling1,KernelEnsembleRegressor_score_linear_summary,rmse,0.00767660785109073,1.0,1.0,{},
FloodModeling1,KernelEnsembleRegressor_shapelet_rbf,rmse,0.020653830307900047,1.0,2.0,{},
FloodModeling1,MultiROCKET,rmse,0.011617331,,,,
FloodModeling1,RDST,rmse,0.015422174,,,,
FloodModeling1,RIST,rmse,0.008545169,,,,
FloodModeling1,ROCKET,rmse,0.017303939,,,,
FloodModeling1,RandF,rmse,0.018996765,,,,
FloodModeling1,ResNet,rmse,0.009045738,,,,
FloodModeling1,Ridge,rmse,0.020950603,,,,
FloodModeling1,RotF,rmse,0.017987865,,,,
FloodModeling1,SingleInception,rmse,0.01000398,,,,
FloodModeling1,TSF,rmse,0.011029169,,,,
FloodModeling1,XGBoost,rmse,0.019334009,,,,
FloodModeling2,1NN-DTW,rmse,0.011092286,,,,
FloodModeling2,1NN-ED,rmse,0.012948857,,,,
FloodModeling2,5NN-DTW,rmse,0.01206405,,,,
FloodModeling2,5NN-ED,rmse,0.01329876,,,,
FloodModeling2,CNN,rmse,0.01852107,,,,
FloodModeling2,DrCIF,rmse,0.0051801,,,,
FloodModeling2,FCN,rmse,0.004745153,,,,
FloodModeling2,FPCR,rmse,0.013852902,,,,
FloodModeling2,FPCR-Bs,rmse,0.014590625,,,,
FloodModeling2,Fedot_Industrial_legacy_baseline,rmse,0.0185,,,,
FloodModeling2,Fedot_Industrial_legacy_baseline_features,rmse,0.0096,,,,
FloodModeling2,FreshPRINCE,rmse,0.005027746,,,,
FloodModeling2,Grid-SVR,rmse,0.083827629,,,,
FloodModeling2,InceptionT,rmse,0.005477025,,,,
FloodModeling2,KernelEnsembleRegressor_adaptive_rbf_summary,rmse,0.03274538517930029,1.0,1.0,"{""gamma"": ""scale"", ""generator_names"": [""statistical_summary""], ""kernel"": ""rbf"", ""selector_optimizer"": ""projected_gradient""}","industrial, kernel_learning"
FloodModeling2,KernelEnsembleRegressor_embedding_nystrom,rmse,0.04931238077235438,1.0,2.0,{},
FloodModeling2,KernelEnsembleRegressor_score_linear_summary,rmse,0.003582826774552981,1.0,1.0,{},
FloodModeling2,KernelEnsembleRegressor_shapelet_rbf,rmse,0.03274538517930029,1.0,2.0,{},
FloodModeling2,MultiROCKET,rmse,0.004049499,,,,
FloodModeling2,RDST,rmse,0.008608522,,,,
FloodModeling2,RIST,rmse,0.005521557,,,,
FloodModeling2,ROCKET,rmse,0.009273728,,,,
FloodModeling2,RandF,rmse,0.009483374,,,,
FloodModeling2,ResNet,rmse,0.007550275,,,,
FloodModeling2,Ridge,rmse,0.014161842,,,,
FloodModeling2,RotF,rmse,0.007900159,,,,
FloodModeling2,SingleInception,rmse,0.007653353,,,,
FloodModeling2,TSF,rmse,0.005379332,,,,
FloodModeling2,XGBoost,rmse,0.012971323,,,,
FloodModeling3,1NN-DTW,rmse,0.01307393,,,,
FloodModeling3,1NN-ED,rmse,0.017027799,,,,
FloodModeling3,5NN-DTW,rmse,0.011561553,,,,
FloodModeling3,5NN-ED,rmse,0.017738431,,,,
FloodModeling3,CNN,rmse,0.010963827,,,,
FloodModeling3,DrCIF,rmse,0.006438931,,,,
FloodModeling3,FCN,rmse,0.009331137,,,,
FloodModeling3,FPCR,rmse,0.019447957,,,,
FloodModeling3,FPCR-Bs,rmse,0.018775827,,,,
FloodModeling3,Fedot_Industrial_legacy_baseline,rmse,0.0223,,,,
FloodModeling3,Fedot_Industrial_legacy_baseline_features,rmse,0.0142,,,,
FloodModeling3,FreshPRINCE,rmse,0.005582533,,,,
FloodModeling3,Grid-SVR,rmse,0.036389766,,,,
FloodModeling3,InceptionT,rmse,0.006361273,,,,
FloodModeling3,KernelEnsembleRegressor_adaptive_rbf_summary,rmse,0.04972871603913486,1.0,1.0,"{""gamma"": ""scale"", ""generator_names"": [""statistical_summary""], ""kernel"": ""rbf"", ""selector_optimizer"": ""projected_gradient""}","industrial, kernel_learning"
FloodModeling3,KernelEnsembleRegressor_embedding_nystrom,rmse,0.06776404987368069,1.0,2.0,{},
FloodModeling3,KernelEnsembleRegressor_score_linear_summary,rmse,0.010524390905513985,1.0,1.0,{},
FloodModeling3,KernelEnsembleRegressor_shapelet_rbf,rmse,0.04972871603913486,1.0,2.0,{},
FloodModeling3,MultiROCKET,rmse,0.005134389,,,,
FloodModeling3,RDST,rmse,0.013878838,,,,
FloodModeling3,RIST,rmse,0.006666207,,,,
FloodModeling3,ROCKET,rmse,0.017290912,,,,
FloodModeling3,RandF,rmse,0.016680076,,,,
FloodModeling3,ResNet,rmse,0.007282043,,,,
FloodModeling3,Ridge,rmse,0.019031501,,,,
FloodModeling3,RotF,rmse,0.015684193,,,,
FloodModeling3,SingleInception,rmse,0.010451274,,,,
FloodModeling3,TSF,rmse,0.008546052,,,,
FloodModeling3,XGBoost,rmse,0.017007199,,,,
GasSensorArrayAcetone,1NN-DTW,rmse,0.317429277,,,,
GasSensorArrayAcetone,1NN-ED,rmse,0.307367906,,,,
GasSensorArrayAcetone,5NN-DTW,rmse,0.259959554,,,,
GasSensorArrayAcetone,5NN-ED,rmse,0.262321301,,,,
GasSensorArrayAcetone,CNN,rmse,0.238941638,,,,
GasSensorArrayAcetone,DrCIF,rmse,0.184547683,,,,
GasSensorArrayAcetone,FCN,rmse,0.294932049,,,,
GasSensorArrayAcetone,FPCR,rmse,0.244260189,,,,
GasSensorArrayAcetone,FPCR-Bs,rmse,0.232775013,,,,
GasSensorArrayAcetone,Fedot_Industrial_legacy_baseline,rmse,0.298,,,,
GasSensorArrayAcetone,Fedot_Industrial_legacy_baseline_features,rmse,0.208,,,,
GasSensorArrayAcetone,FreshPRINCE,rmse,0.2010619,,,,
GasSensorArrayAcetone,Grid-SVR,rmse,0.223759689,,,,
GasSensorArrayAcetone,InceptionT,rmse,0.272839695,,,,
GasSensorArrayAcetone,KernelEnsembleRegressor_adaptive_rbf_summary,rmse,0.2690679575445929,1.0,1.0,"{""gamma"": ""scale"", ""generator_names"": [""statistical_summary""], ""kernel"": ""rbf"", ""selector_optimizer"": ""projected_gradient""}","industrial, kernel_learning"
GasSensorArrayAcetone,KernelEnsembleRegressor_embedding_nystrom,rmse,0.268817013533592,1.0,2.0,{},
GasSensorArrayAcetone,KernelEnsembleRegressor_score_linear_summary,rmse,0.24818746317428111,1.0,1.0,{},
GasSensorArrayAcetone,KernelEnsembleRegressor_shapelet_rbf,rmse,0.2690679575445929,1.0,2.0,{},
GasSensorArrayAcetone,MultiROCKET,rmse,0.143452224,,,,
GasSensorArrayAcetone,RDST,rmse,448.8884003,,,,
GasSensorArrayAcetone,RIST,rmse,0.147809534,,,,
GasSensorArrayAcetone,ROCKET,rmse,0.194287858,,,,
GasSensorArrayAcetone,RandF,rmse,0.2593604,,,,
GasSensorArrayAcetone,ResNet,rmse,0.548681615,,,,
GasSensorArrayAcetone,Ridge,rmse,0.262313579,,,,
GasSensorArrayAcetone,RotF,rmse,0.19306513,,,,
GasSensorArrayAcetone,SingleInception,rmse,0.304125176,,,,
GasSensorArrayAcetone,TSF,rmse,0.211795024,,,,
GasSensorArrayAcetone,XGBoost,rmse,0.275738812,,,,
GasSensorArrayEthanol,1NN-DTW,rmse,0.342482364,,,,
GasSensorArrayEthanol,1NN-ED,rmse,0.282927008,,,,
GasSensorArrayEthanol,5NN-DTW,rmse,0.268867895,,,,
GasSensorArrayEthanol,5NN-ED,rmse,0.265736723,,,,
GasSensorArrayEthanol,CNN,rmse,0.201701386,,,,
GasSensorArrayEthanol,DrCIF,rmse,0.151774126,,,,
GasSensorArrayEthanol,FCN,rmse,0.306066251,,,,
GasSensorArrayEthanol,FPCR,rmse,0.207139092,,,,
GasSensorArrayEthanol,FPCR-Bs,rmse,0.209464703,,,,
GasSensorArrayEthanol,Fedot_Industrial_legacy_baseline,rmse,0.336,,,,
GasSensorArrayEthanol,Fedot_Industrial_legacy_baseline_features,rmse,0.163,,,,
GasSensorArrayEthanol,FreshPRINCE,rmse,0.185983228,,,,
GasSensorArrayEthanol,Grid-SVR,rmse,0.207405049,,,,
GasSensorArrayEthanol,InceptionT,rmse,0.329279958,,,,
GasSensorArrayEthanol,KernelEnsembleRegressor_adaptive_rbf_summary,rmse,0.27706480894704916,1.0,1.0,"{""gamma"": ""scale"", ""generator_names"": [""statistical_summary""], ""kernel"": ""rbf"", ""selector_optimizer"": ""projected_gradient""}","industrial, kernel_learning"
GasSensorArrayEthanol,KernelEnsembleRegressor_embedding_nystrom,rmse,0.27338007580751,2.0,2.0,{},
GasSensorArrayEthanol,KernelEnsembleRegressor_score_linear_summary,rmse,0.292324461386202,1.0,1.0,{},
GasSensorArrayEthanol,KernelEnsembleRegressor_shapelet_rbf,rmse,0.27706480894704916,1.0,2.0,{},
GasSensorArrayEthanol,MultiROCKET,rmse,0.156668794,,,,
GasSensorArrayEthanol,RDST,rmse,862.0168608,,,,
GasSensorArrayEthanol,RIST,rmse,0.120052316,,,,
GasSensorArrayEthanol,ROCKET,rmse,0.213550351,,,,
GasSensorArrayEthanol,RandF,rmse,0.254921641,,,,
GasSensorArrayEthanol,ResNet,rmse,0.654548278,,,,
GasSensorArrayEthanol,Ridge,rmse,0.184896523,,,,
GasSensorArrayEthanol,RotF,rmse,0.149946301,,,,
GasSensorArrayEthanol,SingleInception,rmse,0.504129817,,,,
GasSensorArrayEthanol,TSF,rmse,0.194112919,,,,
GasSensorArrayEthanol,XGBoost,rmse,0.268106788,,,,
HotwaterPredictor,1NN-DTW,rmse,1819.103151,,,,
HotwaterPredictor,1NN-ED,rmse,1906.032299,,,,
HotwaterPredictor,5NN-DTW,rmse,1337.373398,,,,
HotwaterPredictor,5NN-ED,rmse,1458.866739,,,,
HotwaterPredictor,CNN,rmse,1174.255738,,,,
HotwaterPredictor,DrCIF,rmse,1246.467591,,,,
HotwaterPredictor,FCN,rmse,1072.502657,,,,
HotwaterPredictor,FPCR,rmse,1331.504687,,,,
HotwaterPredictor,FPCR-Bs,rmse,1427.171255,,,,
HotwaterPredictor,Fedot_Industrial_legacy_baseline,rmse,1170.0,,,,
HotwaterPredictor,Fedot_Industrial_legacy_baseline_features,rmse,966.0,,,,
HotwaterPredictor,FreshPRINCE,rmse,1240.376659,,,,
HotwaterPredictor,Grid-SVR,rmse,1587.147748,,,,
HotwaterPredictor,InceptionT,rmse,1156.25142,,,,
HotwaterPredictor,KernelEnsembleRegressor_adaptive_rbf_summary,rmse,1329.5936901528733,1.0,1.0,"{""gamma"": ""scale"", ""generator_names"": [""statistical_summary""], ""kernel"": ""rbf"", ""selector_optimizer"": ""projected_gradient""}","industrial, kernel_learning"
HotwaterPredictor,KernelEnsembleRegressor_embedding_nystrom,rmse,1319.6106947039245,1.0,2.0,{},
HotwaterPredictor,KernelEnsembleRegressor_score_linear_summary,rmse,1257.8723798135466,1.0,1.0,{},
HotwaterPredictor,KernelEnsembleRegressor_shapelet_rbf,rmse,1272.4588419983304,1.0,2.0,{},
HotwaterPredictor,MultiROCKET,rmse,1252.545137,,,,
HotwaterPredictor,RDST,rmse,1142.764246,,,,
HotwaterPredictor,RIST,rmse,1172.270167,,,,
HotwaterPredictor,ROCKET,rmse,1236.408458,,,,
HotwaterPredictor,RandF,rmse,1310.439205,,,,
HotwaterPredictor,ResNet,rmse,1145.645542,,,,
HotwaterPredictor,Ridge,rmse,2719.383329,,,,
HotwaterPredictor,RotF,rmse,1383.306131,,,,
HotwaterPredictor,SingleInception,rmse,1162.325568,,,,
HotwaterPredictor,TSF,rmse,1401.285094,,,,
HotwaterPredictor,XGBoost,rmse,1424.82344,,,,
HouseholdPowerConsumption1-no-missing,1NN-DTW,rmse,417.520861,,,,
HouseholdPowerConsumption1-no-missing,1NN-ED,rmse,534.2666775,,,,
HouseholdPowerConsumption1-no-missing,5NN-DTW,rmse,363.1066007,,,,
HouseholdPowerConsumption1-no-missing,5NN-ED,rmse,507.7968263,,,,
HouseholdPowerConsumption1-no-missing,CNN,rmse,604.5496587,,,,
HouseholdPowerConsumption1-no-missing,DrCIF,rmse,165.7666768,,,,
HouseholdPowerConsumption1-no-missing,FCN,rmse,353.2113422,,,,
HouseholdPowerConsumption1-no-missing,FPCR,rmse,107.0618279,,,,
HouseholdPowerConsumption1-no-missing,FPCR-Bs,rmse,110.6062698,,,,
HouseholdPowerConsumption1-no-missing,Fedot_Industrial_legacy_baseline,rmse,15.63,,,,
HouseholdPowerConsumption1-no-missing,Fedot_Industrial_legacy_baseline_features,rmse,22.82,,,,
HouseholdPowerConsumption1-no-missing,FreshPRINCE,rmse,104.0404222,,,,
HouseholdPowerConsumption1-no-missing,Grid-SVR,rmse,604.3001556,,,,
HouseholdPowerConsumption1-no-missing,InceptionT,rmse,104.4057824,,,,
HouseholdPowerConsumption1-no-missing,MultiROCKET,rmse,148.008999,,,,
HouseholdPowerConsumption1-no-missing,RDST,rmse,144.7022543,,,,
HouseholdPowerConsumption1-no-missing,RIST,rmse,135.8923133,,,,
HouseholdPowerConsumption1-no-missing,ROCKET,rmse,214.8128144,,,,
HouseholdPowerConsumption1-no-missing,RandF,rmse,239.4926209,,,,
HouseholdPowerConsumption1-no-missing,ResNet,rmse,108.8288811,,,,
HouseholdPowerConsumption1-no-missing,Ridge,rmse,203.5437013,,,,
HouseholdPowerConsumption1-no-missing,RotF,rmse,199.2345986,,,,
HouseholdPowerConsumption1-no-missing,SingleInception,rmse,116.2022507,,,,
HouseholdPowerConsumption1-no-missing,TSF,rmse,276.1882945,,,,
HouseholdPowerConsumption1-no-missing,XGBoost,rmse,227.5073239,,,,
HouseholdPowerConsumption2-no-missing,1NN-DTW,rmse,53.42955886,,,,
HouseholdPowerConsumption2-no-missing,1NN-ED,rmse,76.02411551,,,,
HouseholdPowerConsumption2-no-missing,5NN-DTW,rmse,43.2875497,,,,
HouseholdPowerConsumption2-no-missing,5NN-ED,rmse,57.68592801,,,,
HouseholdPowerConsumption2-no-missing,CNN,rmse,51.52937856,,,,
HouseholdPowerConsumption2-no-missing,DrCIF,rmse,30.63532745,,,,
HouseholdPowerConsumption2-no-missing,FCN,rmse,172.6010532,,,,
HouseholdPowerConsumption2-no-missing,FPCR,rmse,40.8290722,,,,
HouseholdPowerConsumption2-no-missing,FPCR-Bs,rmse,41.34481418,,,,
HouseholdPowerConsumption2-no-missing,Fedot_Industrial_legacy_baseline,rmse,36.336,,,,
HouseholdPowerConsumption2-no-missing,Fedot_Industrial_legacy_baseline_features,rmse,34.37,,,,
HouseholdPowerConsumption2-no-missing,FreshPRINCE,rmse,29.39287418,,,,
HouseholdPowerConsumption2-no-missing,Grid-SVR,rmse,50.22785826,,,,
HouseholdPowerConsumption2-no-missing,InceptionT,rmse,30.61303779,,,,
HouseholdPowerConsumption2-no-missing,MultiROCKET,rmse,28.23567983,,,,
HouseholdPowerConsumption2-no-missing,RDST,rmse,30.20154761,,,,
HouseholdPowerConsumption2-no-missing,RIST,rmse,31.57217088,,,,
HouseholdPowerConsumption2-no-missing,ROCKET,rmse,30.67548488,,,,
HouseholdPowerConsumption2-no-missing,RandF,rmse,39.07169843,,,,
HouseholdPowerConsumption2-no-missing,ResNet,rmse,33.30492126,,,,
HouseholdPowerConsumption2-no-missing,Ridge,rmse,57.71092433,,,,
HouseholdPowerConsumption2-no-missing,RotF,rmse,37.59093587,,,,
HouseholdPowerConsumption2-no-missing,SingleInception,rmse,34.58589413,,,,
HouseholdPowerConsumption2-no-missing,TSF,rmse,36.01573067,,,,
HouseholdPowerConsumption2-no-missing,XGBoost,rmse,38.95568275,,,,
IEEEPPG,1NN-DTW,rmse,23.98724013,,,,
IEEEPPG,1NN-ED,rmse,27.76971481,,,,
IEEEPPG,5NN-DTW,rmse,20.4528842,,,,
IEEEPPG,5NN-ED,rmse,23.65500738,,,,
IEEEPPG,CNN,rmse,22.42688504,,,,
IEEEPPG,DrCIF,rmse,12.4745849,,,,
IEEEPPG,FCN,rmse,7.190419026,,,,
IEEEPPG,FPCR,rmse,26.39551417,,,,
IEEEPPG,FPCR-Bs,rmse,26.3983723,,,,
IEEEPPG,Fedot_Industrial_legacy_baseline,rmse,57.61,,,,
IEEEPPG,Fedot_Industrial_legacy_baseline_features,rmse,37.44,,,,
IEEEPPG,FreshPRINCE,rmse,10.11590735,,,,
IEEEPPG,Grid-SVR,rmse,29.61579834,,,,
IEEEPPG,InceptionT,rmse,3.69817636,,,,
IEEEPPG,KernelEnsembleRegressor_adaptive_rbf_summary,rmse,31.39786914276905,1.0,1.0,"{""gamma"": ""scale"", ""generator_names"": [""statistical_summary""], ""kernel"": ""rbf"", ""selector_optimizer"": ""projected_gradient""}","industrial, kernel_learning"
IEEEPPG,KernelEnsembleRegressor_score_linear_summary,rmse,41.90425900820098,1.0,1.0,{},
IEEEPPG,MultiROCKET,rmse,8.771683601,,,,
IEEEPPG,RDST,rmse,11.62638852,,,,
IEEEPPG,RIST,rmse,11.47787614,,,,
IEEEPPG,ROCKET,rmse,7.159720614,,,,
IEEEPPG,RandF,rmse,21.65583967,,,,
IEEEPPG,ResNet,rmse,5.051278691,,,,
IEEEPPG,Ridge,rmse,47.50275068,,,,
IEEEPPG,RotF,rmse,20.21281242,,,,
IEEEPPG,SingleInception,rmse,4.119866128,,,,
IEEEPPG,TSF,rmse,20.47200316,,,,
IEEEPPG,XGBoost,rmse,21.03369834,,,,
IronConcentration,1NN-DTW,rmse,88.66924034,,,,
IronConcentration,1NN-ED,rmse,83.8350781,,,,
IronConcentration,5NN-DTW,rmse,77.74218194,,,,
IronConcentration,5NN-ED,rmse,72.37891344,,,,
IronConcentration,CNN,rmse,72.32744981,,,,
IronConcentration,DrCIF,rmse,62.13209684,,,,
IronConcentration,FCN,rmse,197.8017258,,,,
IronConcentration,FPCR,rmse,72.22367602,,,,
IronConcentration,FPCR-Bs,rmse,75.61194473,,,,
IronConcentration,Fedot_Industrial_legacy_baseline,rmse,79.3,,,,
IronConcentration,Fedot_Industrial_legacy_baseline_features,rmse,78.433,,,,
IronConcentration,FreshPRINCE,rmse,65.35273164,,,,
IronConcentration,Grid-SVR,rmse,70.75329167,,,,
IronConcentration,InceptionT,rmse,64.44217143,,,,
IronConcentration,MultiROCKET,rmse,59.62378741,,,,
IronConcentration,RDST,rmse,55.29452743,,,,
IronConcentration,RIST,rmse,56.42400309,,,,
IronConcentration,ROCKET,rmse,59.65266684,,,,
IronConcentration,RandF,rmse,72.90785097,,,,
IronConcentration,ResNet,rmse,73.21783715,,,,
IronConcentration,Ridge,rmse,60.58249773,,,,
IronConcentration,RotF,rmse,61.92113525,,,,
IronConcentration,SingleInception,rmse,66.51699813,,,,
IronConcentration,TSF,rmse,63.82448968,,,,
IronConcentration,XGBoost,rmse,74.12393628,,,,
LPGasMonitoringHomeActivity,1NN-DTW,rmse,1.699540168,,,,
LPGasMonitoringHomeActivity,1NN-ED,rmse,1.696242532,,,,
LPGasMonitoringHomeActivity,5NN-DTW,rmse,1.334805069,,,,
LPGasMonitoringHomeActivity,5NN-ED,rmse,1.338571711,,,,
LPGasMonitoringHomeActivity,CNN,rmse,1.339257755,,,,
LPGasMonitoringHomeActivity,DrCIF,rmse,1.262008068,,,,
LPGasMonitoringHomeActivity,FCN,rmse,1.297673319,,,,
LPGasMonitoringHomeActivity,FPCR,rmse,1.306076598,,,,
LPGasMonitoringHomeActivity,FPCR-Bs,rmse,1.306737738,,,,
LPGasMonitoringHomeActivity,Fedot_Industrial_legacy_baseline,rmse,1.31,,,,
LPGasMonitoringHomeActivity,Fedot_Industrial_legacy_baseline_features,rmse,1.223,,,,
LPGasMonitoringHomeActivity,FreshPRINCE,rmse,1.295705907,,,,
LPGasMonitoringHomeActivity,Grid-SVR,rmse,1.313783784,,,,
LPGasMonitoringHomeActivity,InceptionT,rmse,1.294682408,,,,
LPGasMonitoringHomeActivity,MultiROCKET,rmse,1.357416468,,,,
LPGasMonitoringHomeActivity,RDST,rmse,1.311534275,,,,
LPGasMonitoringHomeActivity,RIST,rmse,1.28579777,,,,
LPGasMonitoringHomeActivity,ROCKET,rmse,1.349483465,,,,
LPGasMonitoringHomeActivity,RandF,rmse,1.303420821,,,,
LPGasMonitoringHomeActivity,ResNet,rmse,1.344633038,,,,
LPGasMonitoringHomeActivity,Ridge,rmse,1.304916271,,,,
LPGasMonitoringHomeActivity,RotF,rmse,1.28930511,,,,
LPGasMonitoringHomeActivity,SingleInception,rmse,1.385517461,,,,
LPGasMonitoringHomeActivity,TSF,rmse,1.280573361,,,,
LPGasMonitoringHomeActivity,XGBoost,rmse,1.383632295,,,,
LiveFuelMoistureContent,1NN-DTW,rmse,56.14557559,,,,
LiveFuelMoistureContent,1NN-ED,rmse,56.6854149,,,,
LiveFuelMoistureContent,5NN-DTW,rmse,44.22016884,,,,
LiveFuelMoistureContent,5NN-ED,rmse,44.67859724,,,,
LiveFuelMoistureContent,CNN,rmse,41.47724908,,,,
LiveFuelMoistureContent,DrCIF,rmse,40.61007326,,,,
LiveFuelMoistureContent,FCN,rmse,47.76391132,,,,
LiveFuelMoistureContent,FPCR,rmse,41.44837158,,,,
LiveFuelMoistureContent,FPCR-Bs,rmse,41.46724463,,,,
LiveFuelMoistureContent,Fedot_Industrial_legacy_baseline,rmse,43.0,,,,
LiveFuelMoistureContent,Fedot_Industrial_legacy_baseline_features,rmse,44.66,,,,
LiveFuelMoistureContent,FreshPRINCE,rmse,41.17282831,,,,
LiveFuelMoistureContent,Grid-SVR,rmse,41.22726646,,,,
LiveFuelMoistureContent,InceptionT,rmse,44.80283901,,,,
LiveFuelMoistureContent,KernelEnsembleRegressor_adaptive_rbf_summary,rmse,41.84325569557465,1.0,1.0,"{""gamma"": ""scale"", ""generator_names"": [""statistical_summary""], ""kernel"": ""rbf"", ""selector_optimizer"": ""projected_gradient""}","industrial, kernel_learning"
LiveFuelMoistureContent,KernelEnsembleRegressor_score_linear_summary,rmse,48.35260958887535,1.0,1.0,{},
LiveFuelMoistureContent,MultiROCKET,rmse,47.89357232,,,,
LiveFuelMoistureContent,RDST,rmse,43.33586248,,,,
LiveFuelMoistureContent,RIST,rmse,41.56121621,,,,
LiveFuelMoistureContent,ROCKET,rmse,44.50948404,,,,
LiveFuelMoistureContent,RandF,rmse,41.09402637,,,,
LiveFuelMoistureContent,ResNet,rmse,47.34793833,,,,
LiveFuelMoistureContent,Ridge,rmse,835.0271813,,,,
LiveFuelMoistureContent,RotF,rmse,41.33734065,,,,
LiveFuelMoistureContent,SingleInception,rmse,47.02244411,,,,
LiveFuelMoistureContent,TSF,rmse,40.74238233,,,,
LiveFuelMoistureContent,XGBoost,rmse,42.55357954,,,,
MadridPM10Quality-no-missing,1NN-DTW,rmse,10.43547051,,,,
MadridPM10Quality-no-missing,1NN-ED,rmse,9.038400368,,,,
MadridPM10Quality-no-missing,5NN-DTW,rmse,9.113714479,,,,
MadridPM10Quality-no-missing,5NN-ED,rmse,8.112964945,,,,
MadridPM10Quality-no-missing,CNN,rmse,9.505179122,,,,
MadridPM10Quality-no-missing,DrCIF,rmse,8.646174689,,,,
MadridPM10Quality-no-missing,FCN,rmse,8.487872363,,,,
MadridPM10Quality-no-missing,FPCR,rmse,9.344004516,,,,
MadridPM10Quality-no-missing,FPCR-Bs,rmse,9.934554433,,,,
MadridPM10Quality-no-missing,Fedot_Industrial_legacy_baseline,rmse,1532.825,,,,
MadridPM10Quality-no-missing,Fedot_Industrial_legacy_baseline_features,rmse,1161.357,,,,
MadridPM10Quality-no-missing,FreshPRINCE,rmse,8.212942646,,,,
MadridPM10Quality-no-missing,Grid-SVR,rmse,12.86074472,,,,
MadridPM10Quality-no-missing,InceptionT,rmse,6.951213913,,,,
MadridPM10Quality-no-missing,KernelEnsembleRegressor_adaptive_rbf_summary,rmse,10.451193237731106,1.0,1.0,"{""gamma"": ""scale"", ""generator_names"": [""statistical_summary""], ""kernel"": ""rbf"", ""selector_optimizer"": ""projected_gradient""}","industrial, kernel_learning"
MadridPM10Quality-no-missing,KernelEnsembleRegressor_embedding_nystrom,rmse,10.991999148657888,1.0,2.0,{},
MadridPM10Quality-no-missing,KernelEnsembleRegressor_score_linear_summary,rmse,9.335037901830045,1.0,1.0,{},
MadridPM10Quality-no-missing,KernelEnsembleRegressor_shapelet_rbf,rmse,10.451193237731106,1.0,2.0,{},
MadridPM10Quality-no-missing,MultiROCKET,rmse,7.934148988,,,,
MadridPM10Quality-no-missing,RDST,rmse,7.866277371,,,,
MadridPM10Quality-no-missing,RIST,rmse,8.524926784,,,,
MadridPM10Quality-no-missing,ROCKET,rmse,8.458431063,,,,
MadridPM10Quality-no-missing,RandF,rmse,8.356629983,,,,
MadridPM10Quality-no-missing,ResNet,rmse,8.181598137,,,,
MadridPM10Quality-no-missing,Ridge,rmse,9.003325073,,,,
MadridPM10Quality-no-missing,RotF,rmse,8.116628626,,,,
MadridPM10Quality-no-missing,SingleInception,rmse,7.253705283,,,,
MadridPM10Quality-no-missing,TSF,rmse,9.062433218,,,,
MadridPM10Quality-no-missing,XGBoost,rmse,7.831730246,,,,
MagnesiumConcentration,1NN-DTW,rmse,298.2168503,,,,
MagnesiumConcentration,1NN-ED,rmse,228.5297135,,,,
MagnesiumConcentration,5NN-DTW,rmse,277.3211653,,,,
MagnesiumConcentration,5NN-ED,rmse,248.0022016,,,,
MagnesiumConcentration,CNN,rmse,298.3643971,,,,
MagnesiumConcentration,DrCIF,rmse,160.8196349,,,,
MagnesiumConcentration,FCN,rmse,1112.378767,,,,
MagnesiumConcentration,FPCR,rmse,293.1095639,,,,
MagnesiumConcentration,FPCR-Bs,rmse,324.6611861,,,,
MagnesiumConcentration,Fedot_Industrial_legacy_baseline,rmse,302.257,,,,
MagnesiumConcentration,Fedot_Industrial_legacy_baseline_features,rmse,208.653,,,,
MagnesiumConcentration,FreshPRINCE,rmse,167.9659143,,,,
MagnesiumConcentration,Grid-SVR,rmse,278.8177435,,,,
MagnesiumConcentration,InceptionT,rmse,127.5101196,,,,
MagnesiumConcentration,MultiROCKET,rmse,133.2127537,,,,
MagnesiumConcentration,RDST,rmse,147.2499391,,,,
MagnesiumConcentration,RIST,rmse,151.3960752,,,,
MagnesiumConcentration,ROCKET,rmse,144.8789764,,,,
MagnesiumConcentration,RandF,rmse,244.7341761,,,,
MagnesiumConcentration,ResNet,rmse,166.3486444,,,,
MagnesiumConcentration,Ridge,rmse,140.4054583,,,,
MagnesiumConcentration,RotF,rmse,166.5049431,,,,
MagnesiumConcentration,SingleInception,rmse,135.3439666,,,,
MagnesiumConcentration,TSF,rmse,193.0456142,,,,
MagnesiumConcentration,XGBoost,rmse,237.2577385,,,,
ManganeseConcentration,1NN-DTW,rmse,121.990065,,,,
ManganeseConcentration,1NN-ED,rmse,118.4272188,,,,
ManganeseConcentration,5NN-DTW,rmse,101.108313,,,,
ManganeseConcentration,5NN-ED,rmse,98.89821593,,,,
ManganeseConcentration,CNN,rmse,92.80130189,,,,
ManganeseConcentration,DrCIF,rmse,81.28308457,,,,
ManganeseConcentration,FCN,rmse,229.3549658,,,,
ManganeseConcentration,FPCR,rmse,99.5841337,,,,
ManganeseConcentration,FPCR-Bs,rmse,98.03372446,,,,
ManganeseConcentration,Fedot_Industrial_legacy_baseline,rmse,107.45,,,,
ManganeseConcentration,Fedot_Industrial_legacy_baseline_features,rmse,93.53,,,,
ManganeseConcentration,FreshPRINCE,rmse,84.62758495,,,,
ManganeseConcentration,Grid-SVR,rmse,93.65182411,,,,
ManganeseConcentration,InceptionT,rmse,85.29851986,,,,
ManganeseConcentration,MultiROCKET,rmse,87.76920411,,,,
ManganeseConcentration,RDST,rmse,79.72788061,,,,
ManganeseConcentration,RIST,rmse,82.75975874,,,,
ManganeseConcentration,ROCKET,rmse,87.29099568,,,,
ManganeseConcentration,RandF,rmse,93.77465028,,,,
ManganeseConcentration,ResNet,rmse,97.22910218,,,,
ManganeseConcentration,Ridge,rmse,84.61378309,,,,
ManganeseConcentration,RotF,rmse,79.91395868,,,,
ManganeseConcentration,SingleInception,rmse,88.30386921,,,,
ManganeseConcentration,TSF,rmse,84.10939131,,,,
ManganeseConcentration,XGBoost,rmse,96.53162147,,,,
MethaneMonitoringHomeActivity,1NN-DTW,rmse,0.693399679,,,,
MethaneMonitoringHomeActivity,1NN-ED,rmse,0.694371456,,,,
MethaneMonitoringHomeActivity,5NN-DTW,rmse,0.540157277,,,,
MethaneMonitoringHomeActivity,5NN-ED,rmse,0.541139933,,,,
MethaneMonitoringHomeActivity,CNN,rmse,0.63676152,,,,
MethaneMonitoringHomeActivity,DrCIF,rmse,0.505240813,,,,
MethaneMonitoringHomeActivity,FCN,rmse,0.535491401,,,,
MethaneMonitoringHomeActivity,FPCR,rmse,0.589212579,,,,
MethaneMonitoringHomeActivity,FPCR-Bs,rmse,0.58907204,,,,
MethaneMonitoringHomeActivity,Fedot_Industrial_legacy_baseline,rmse,0.57,,,,
MethaneMonitoringHomeActivity,Fedot_Industrial_legacy_baseline_features,rmse,0.51,,,,
MethaneMonitoringHomeActivity,FreshPRINCE,rmse,0.530501093,,,,
MethaneMonitoringHomeActivity,Grid-SVR,rmse,0.512269458,,,,
MethaneMonitoringHomeActivity,InceptionT,rmse,0.557152617,,,,
MethaneMonitoringHomeActivity,MultiROCKET,rmse,0.5761072,,,,
MethaneMonitoringHomeActivity,RDST,rmse,0.577727326,,,,
MethaneMonitoringHomeActivity,RIST,rmse,0.549395749,,,,
MethaneMonitoringHomeActivity,ROCKET,rmse,0.623893339,,,,
MethaneMonitoringHomeActivity,RandF,rmse,0.525421802,,,,
MethaneMonitoringHomeActivity,ResNet,rmse,1.558559081,,,,
MethaneMonitoringHomeActivity,Ridge,rmse,0.588744422,,,,
MethaneMonitoringHomeActivity,RotF,rmse,0.524413723,,,,
MethaneMonitoringHomeActivity,SingleInception,rmse,0.634287604,,,,
MethaneMonitoringHomeActivity,TSF,rmse,0.517091157,,,,
MethaneMonitoringHomeActivity,XGBoost,rmse,0.556359678,,,,
MetroInterstateTrafficVolume,1NN-DTW,rmse,778.7419431,,,,
MetroInterstateTrafficVolume,1NN-ED,rmse,780.2429865,,,,
MetroInterstateTrafficVolume,5NN-DTW,rmse,602.4846552,,,,
MetroInterstateTrafficVolume,5NN-ED,rmse,606.8476291,,,,
MetroInterstateTrafficVolume,CNN,rmse,557.5465882,,,,
MetroInterstateTrafficVolume,DrCIF,rmse,552.1066902,,,,
MetroInterstateTrafficVolume,FCN,rmse,2086.140251,,,,
MetroInterstateTrafficVolume,FPCR,rmse,2482.515088,,,,
MetroInterstateTrafficVolume,FPCR-Bs,rmse,1861.584286,,,,
MetroInterstateTrafficVolume,Fedot_Industrial_legacy_baseline,rmse,527.73,,,,
MetroInterstateTrafficVolume,Fedot_Industrial_legacy_baseline_features,rmse,531.22,,,,
MetroInterstateTrafficVolume,FreshPRINCE,rmse,559.2708394,,,,
MetroInterstateTrafficVolume,Grid-SVR,rmse,598.1143045,,,,
MetroInterstateTrafficVolume,InceptionT,rmse,4738.932771,,,,
MetroInterstateTrafficVolume,KernelEnsembleRegressor_adaptive_rbf_summary,rmse,535.4752089581411,1.0,1.0,"{""gamma"": ""scale"", ""generator_names"": [""statistical_summary""], ""kernel"": ""rbf"", ""selector_optimizer"": ""projected_gradient""}","industrial, kernel_learning"
MetroInterstateTrafficVolume,KernelEnsembleRegressor_embedding_nystrom,rmse,534.6743405004016,2.0,2.0,{},
MetroInterstateTrafficVolume,KernelEnsembleRegressor_score_linear_summary,rmse,540.6261132890114,1.0,1.0,{},
MetroInterstateTrafficVolume,KernelEnsembleRegressor_shapelet_rbf,rmse,531.7597245584107,2.0,2.0,{},
MetroInterstateTrafficVolume,MultiROCKET,rmse,3576.166603,,,,
MetroInterstateTrafficVolume,RDST,rmse,550.4908078,,,,
MetroInterstateTrafficVolume,RIST,rmse,542.9683535,,,,
MetroInterstateTrafficVolume,ROCKET,rmse,613.5414989,,,,
MetroInterstateTrafficVolume,RandF,rmse,565.3461831,,,,
MetroInterstateTrafficVolume,ResNet,rmse,1162.963503,,,,
MetroInterstateTrafficVolume,Ridge,rmse,857.6179186,,,,
MetroInterstateTrafficVolume,RotF,rmse,567.4640098,,,,
MetroInterstateTrafficVolume,SingleInception,rmse,4240.603501,,,,
MetroInterstateTrafficVolume,TSF,rmse,552.4020555,,,,
MetroInterstateTrafficVolume,XGBoost,rmse,594.8864451,,,,
NaturalGasPricesSentiment,1NN-DTW,rmse,0.074277285,,,,
NaturalGasPricesSentiment,1NN-ED,rmse,0.07465107,,,,
NaturalGasPricesSentiment,5NN-DTW,rmse,0.057353974,,,,
NaturalGasPricesSentiment,5NN-ED,rmse,0.056623394,,,,
NaturalGasPricesSentiment,CNN,rmse,0.06482931,,,,
NaturalGasPricesSentiment,DrCIF,rmse,0.059680743,,,,
NaturalGasPricesSentiment,FCN,rmse,0.099373675,,,,
NaturalGasPricesSentiment,FPCR,rmse,0.112669624,,,,
NaturalGasPricesSentiment,FPCR-Bs,rmse,0.113516909,,,,
NaturalGasPricesSentiment,Fedot_Industrial_legacy_baseline,rmse,0.09,,,,
NaturalGasPricesSentiment,Fedot_Industrial_legacy_baseline_features,rmse,0.062,,,,
NaturalGasPricesSentiment,FreshPRINCE,rmse,0.059235352,,,,
NaturalGasPricesSentiment,Grid-SVR,rmse,0.06380328,,,,
NaturalGasPricesSentiment,InceptionT,rmse,0.150787387,,,,
NaturalGasPricesSentiment,KernelEnsembleRegressor_adaptive_rbf_summary,rmse,0.108888677479458,1.0,1.0,"{""gamma"": ""scale"", ""generator_names"": [""statistical_summary""], ""kernel"": ""rbf"", ""selector_optimizer"": ""projected_gradient""}","industrial, kernel_learning"
NaturalGasPricesSentiment,KernelEnsembleRegressor_embedding_nystrom,rmse,0.10027510346022318,1.0,2.0,{},
NaturalGasPricesSentiment,KernelEnsembleRegressor_score_linear_summary,rmse,1.0041217444275954,1.0,1.0,{},
NaturalGasPricesSentiment,KernelEnsembleRegressor_shapelet_rbf,rmse,0.06076407857596597,1.0,2.0,{},
NaturalGasPricesSentiment,MultiROCKET,rmse,0.076623362,,,,
NaturalGasPricesSentiment,RDST,rmse,0.071657305,,,,
NaturalGasPricesSentiment,RIST,rmse,0.056980048,,,,
NaturalGasPricesSentiment,ROCKET,rmse,0.090879838,,,,
NaturalGasPricesSentiment,RandF,rmse,0.055980824,,,,
NaturalGasPricesSentiment,ResNet,rmse,0.14314017,,,,
NaturalGasPricesSentiment,Ridge,rmse,0.079551134,,,,
NaturalGasPricesSentiment,RotF,rmse,0.058588413,,,,
NaturalGasPricesSentiment,SingleInception,rmse,0.341369779,,,,
NaturalGasPricesSentiment,TSF,rmse,0.054798466,,,,
NaturalGasPricesSentiment,XGBoost,rmse,0.06019653,,,,
NewsHeadlineSentiment,1NN-DTW,rmse,0.197915863,,,,
NewsHeadlineSentiment,1NN-ED,rmse,0.199314703,,,,
NewsHeadlineSentiment,5NN-DTW,rmse,0.154957971,,,,
NewsHeadlineSentiment,5NN-ED,rmse,0.154884178,,,,
NewsHeadlineSentiment,CNN,rmse,11.96765922,,,,
NewsHeadlineSentiment,DrCIF,rmse,0.145591188,,,,
NewsHeadlineSentiment,FCN,rmse,1.206851987,,,,
NewsHeadlineSentiment,FPCR,rmse,0.141565278,,,,
NewsHeadlineSentiment,FPCR-Bs,rmse,0.141582563,,,,
NewsHeadlineSentiment,Fedot_Industrial_legacy_baseline,rmse,0.142,,,,
NewsHeadlineSentiment,Fedot_Industrial_legacy_baseline_features,rmse,10000000000.0,,,,
NewsHeadlineSentiment,FreshPRINCE,rmse,0.145612012,,,,
NewsHeadlineSentiment,Grid-SVR,rmse,0.142038598,,,,
NewsHeadlineSentiment,InceptionT,rmse,0.143465532,,,,
NewsHeadlineSentiment,MultiROCKET,rmse,0.156499297,,,,
NewsHeadlineSentiment,ROCKET,rmse,0.146837662,,,,
NewsHeadlineSentiment,RandF,rmse,0.146198579,,,,
NewsHeadlineSentiment,ResNet,rmse,0.147672897,,,,
NewsHeadlineSentiment,Ridge,rmse,0.143579462,,,,
NewsHeadlineSentiment,RotF,rmse,0.149460602,,,,
NewsHeadlineSentiment,SingleInception,rmse,0.148587163,,,,
NewsHeadlineSentiment,TSF,rmse,0.142229707,,,,
NewsHeadlineSentiment,XGBoost,rmse,0.142739603,,,,
NewsTitleSentiment,1NN-DTW,rmse,0.192522929,,,,
NewsTitleSentiment,1NN-ED,rmse,0.192805274,,,,
NewsTitleSentiment,5NN-DTW,rmse,0.14981775,,,,
NewsTitleSentiment,5NN-ED,rmse,0.149231378,,,,
NewsTitleSentiment,CNN,rmse,23.08311189,,,,
NewsTitleSentiment,DrCIF,rmse,0.140534818,,,,
NewsTitleSentiment,FCN,rmse,1.007101887,,,,
NewsTitleSentiment,FPCR,rmse,0.136614088,,,,
NewsTitleSentiment,FPCR-Bs,rmse,0.136683939,,,,
NewsTitleSentiment,Fedot_Industrial_legacy_baseline,rmse,0.138,,,,
NewsTitleSentiment,Fedot_Industrial_legacy_baseline_features,rmse,10000000000.0,,,,
NewsTitleSentiment,FreshPRINCE,rmse,0.140614827,,,,
NewsTitleSentiment,Grid-SVR,rmse,0.137199578,,,,
NewsTitleSentiment,InceptionT,rmse,0.138467494,,,,
NewsTitleSentiment,MultiROCKET,rmse,0.149863379,,,,
NewsTitleSentiment,ROCKET,rmse,0.141759292,,,,
NewsTitleSentiment,RandF,rmse,0.141116468,,,,
NewsTitleSentiment,ResNet,rmse,0.141527578,,,,
NewsTitleSentiment,Ridge,rmse,0.138892089,,,,
NewsTitleSentiment,RotF,rmse,0.144163571,,,,
NewsTitleSentiment,SingleInception,rmse,0.142813666,,,,
NewsTitleSentiment,TSF,rmse,0.137125108,,,,
NewsTitleSentiment,XGBoost,rmse,0.137669722,,,,
OccupancyDetectionLight,1NN-DTW,rmse,185.1225738,,,,
OccupancyDetectionLight,1NN-ED,rmse,184.6406698,,,,
OccupancyDetectionLight,5NN-DTW,rmse,155.1418911,,,,
OccupancyDetectionLight,5NN-ED,rmse,157.2362736,,,,
OccupancyDetectionLight,CNN,rmse,238.6848086,,,,
OccupancyDetectionLight,DrCIF,rmse,80.54537197,,,,
OccupancyDetectionLight,FCN,rmse,129.6057926,,,,
OccupancyDetectionLight,FPCR,rmse,114.2068484,,,,
OccupancyDetectionLight,FPCR-Bs,rmse,118.9895626,,,,
OccupancyDetectionLight,Fedot_Industrial_legacy_baseline,rmse,115.418,,,,
OccupancyDetectionLight,Fedot_Industrial_legacy_baseline_features,rmse,75.142,,,,
OccupancyDetectionLight,FreshPRINCE,rmse,67.10728355,,,,
OccupancyDetectionLight,Grid-SVR,rmse,200.9932092,,,,
OccupancyDetectionLight,InceptionT,rmse,85.65542644,,,,
OccupancyDetectionLight,MultiROCKET,rmse,89.4353103,,,,
OccupancyDetectionLight,RDST,rmse,113.8871425,,,,
OccupancyDetectionLight,RIST,rmse,77.04733159,,,,
OccupancyDetectionLight,ROCKET,rmse,111.4229052,,,,
OccupancyDetectionLight,RandF,rmse,100.189621,,,,
OccupancyDetectionLight,ResNet,rmse,89.71802356,,,,
OccupancyDetectionLight,Ridge,rmse,224.926715,,,,
OccupancyDetectionLight,RotF,rmse,75.28684115,,,,
OccupancyDetectionLight,SingleInception,rmse,95.3539502,,,,
OccupancyDetectionLight,TSF,rmse,102.433738,,,,
OccupancyDetectionLight,XGBoost,rmse,103.1617497,,,,
PPGDalia-equal-length,1NN-DTW,rmse,22.08924409,,,,
PPGDalia-equal-length,1NN-ED,rmse,22.18645756,,,,
PPGDalia-equal-length,5NN-DTW,rmse,17.7229862,,,,
PPGDalia-equal-length,5NN-ED,rmse,19.17341976,,,,
PPGDalia-equal-length,CNN,rmse,21.54587346,,,,
PPGDalia-equal-length,DrCIF,rmse,11.66921973,,,,
PPGDalia-equal-length,FCN,rmse,9.353736196,,,,
PPGDalia-equal-length,FPCR,rmse,21.33166998,,,,
PPGDalia-equal-length,FPCR-Bs,rmse,21.33273618,,,,
PPGDalia-equal-length,Fedot_Industrial_legacy_baseline,rmse,10000000000.0,,,,
PPGDalia-equal-length,Fedot_Industrial_legacy_baseline_features,rmse,10000000000.0,,,,
PPGDalia-equal-length,FreshPRINCE,rmse,10.62000202,,,,
PPGDalia-equal-length,Grid-SVR,rmse,22.74367741,,,,
PPGDalia-equal-length,InceptionT,rmse,6.680548131,,,,
PPGDalia-equal-length,MultiROCKET,rmse,11.7905624,,,,
PPGDalia-equal-length,ROCKET,rmse,12.23981586,,,,
PPGDalia-equal-length,RandF,rmse,14.94945228,,,,
PPGDalia-equal-length,ResNet,rmse,7.507108247,,,,
PPGDalia-equal-length,Ridge,rmse,21.4265076,,,,
PPGDalia-equal-length,RotF,rmse,14.68058168,,,,
PPGDalia-equal-length,SingleInception,rmse,7.328080185,,,,
PPGDalia-equal-length,TSF,rmse,15.38269549,,,,
PPGDalia-equal-length,XGBoost,rmse,13.33529519,,,,
ParkingBirmingham-equal-length,1NN-DTW,rmse,0.14365164,,,,
ParkingBirmingham-equal-length,1NN-ED,rmse,0.142966031,,,,
ParkingBirmingham-equal-length,5NN-DTW,rmse,0.122794231,,,,
ParkingBirmingham-equal-length,5NN-ED,rmse,0.121119549,,,,
ParkingBirmingham-equal-length,CNN,rmse,0.390058905,,,,
ParkingBirmingham-equal-length,DrCIF,rmse,0.116974474,,,,
ParkingBirmingham-equal-length,FCN,rmse,0.153491849,,,,
ParkingBirmingham-equal-length,FPCR,rmse,0.212090528,,,,
ParkingBirmingham-equal-length,FPCR-Bs,rmse,0.21141965,,,,
ParkingBirmingham-equal-length,Fedot_Industrial_legacy_baseline,rmse,10000000000.0,,,,
ParkingBirmingham-equal-length,Fedot_Industrial_legacy_baseline_features,rmse,10000000000.0,,,,
ParkingBirmingham-equal-length,FreshPRINCE,rmse,0.114591122,,,,
ParkingBirmingham-equal-length,Grid-SVR,rmse,0.186452249,,,,
ParkingBirmingham-equal-length,InceptionT,rmse,0.12991652,,,,
ParkingBirmingham-equal-length,KernelEnsembleRegressor_adaptive_rbf_summary,rmse,0.21403862112787148,1.0,1.0,"{""gamma"": ""scale"", ""generator_names"": [""statistical_summary""], ""kernel"": ""rbf"", ""selector_optimizer"": ""projected_gradient""}","industrial, kernel_learning"
ParkingBirmingham-equal-length,KernelEnsembleRegressor_embedding_nystrom,rmse,0.20705401415347896,2.0,2.0,{},
ParkingBirmingham-equal-length,KernelEnsembleRegressor_score_linear_summary,rmse,0.25756204476523586,1.0,1.0,{},
ParkingBirmingham-equal-length,KernelEnsembleRegressor_shapelet_rbf,rmse,0.18095296441313474,2.0,2.0,{},
ParkingBirmingham-equal-length,MultiROCKET,rmse,0.141268137,,,,
ParkingBirmingham-equal-length,RDST,rmse,0.144915129,,,,
ParkingBirmingham-equal-length,RIST,rmse,0.121558827,,,,
ParkingBirmingham-equal-length,ROCKET,rmse,0.17568851,,,,
ParkingBirmingham-equal-length,RandF,rmse,0.119868572,,,,
ParkingBirmingham-equal-length,ResNet,rmse,0.155953737,,,,
ParkingBirmingham-equal-length,Ridge,rmse,0.211526321,,,,
ParkingBirmingham-equal-length,RotF,rmse,0.111371338,,,,
ParkingBirmingham-equal-length,SingleInception,rmse,0.133632342,,,,
ParkingBirmingham-equal-length,TSF,rmse,0.120555657,,,,
ParkingBirmingham-equal-length,XGBoost,rmse,0.122525662,,,,
PhosphorusConcentration,1NN-DTW,rmse,22.15365216,,,,
PhosphorusConcentration,1NN-ED,rmse,21.42403,,,,
PhosphorusConcentration,5NN-DTW,rmse,24.30561554,,,,
PhosphorusConcentration,5NN-ED,rmse,23.35735003,,,,
PhosphorusConcentration,CNN,rmse,27.8304659,,,,
PhosphorusConcentration,DrCIF,rmse,19.06393242,,,,
PhosphorusConcentration,FCN,rmse,42.62398886,,,,
PhosphorusConcentration,FPCR,rmse,25.92273808,,,,
PhosphorusConcentration,FPCR-Bs,rmse,26.10423568,,,,
PhosphorusConcentration,Fedot_Industrial_legacy_baseline,rmse,25.67,,,,
PhosphorusConcentration,Fedot_Industrial_legacy_baseline_features,rmse,19.96,,,,
PhosphorusConcentration,FreshPRINCE,rmse,19.14935,,,,
PhosphorusConcentration,Grid-SVR,rmse,21.52606299,,,,
PhosphorusConcentration,InceptionT,rmse,17.76582541,,,,
PhosphorusConcentration,MultiROCKET,rmse,18.97688136,,,,
PhosphorusConcentration,RDST,rmse,20.86076768,,,,
PhosphorusConcentration,RIST,rmse,21.0492139,,,,
PhosphorusConcentration,ROCKET,rmse,23.40036017,,,,
PhosphorusConcentration,RandF,rmse,23.61119974,,,,
PhosphorusConcentration,ResNet,rmse,20.73771342,,,,
PhosphorusConcentration,Ridge,rmse,22.74373446,,,,
PhosphorusConcentration,RotF,rmse,20.63640512,,,,
PhosphorusConcentration,SingleInception,rmse,18.55051309,,,,
PhosphorusConcentration,TSF,rmse,20.34701166,,,,
PhosphorusConcentration,XGBoost,rmse,24.22503009,,,,
PotassiumConcentration,1NN-DTW,rmse,242.0271422,,,,
PotassiumConcentration,1NN-ED,rmse,221.9606116,,,,
PotassiumConcentration,5NN-DTW,rmse,223.3864802,,,,
PotassiumConcentration,5NN-ED,rmse,224.2391146,,,,
PotassiumConcentration,CNN,rmse,261.4602119,,,,
PotassiumConcentration,DrCIF,rmse,167.6801579,,,,
PotassiumConcentration,FCN,rmse,497.2196969,,,,
PotassiumConcentration,FPCR,rmse,262.9824713,,,,
PotassiumConcentration,FPCR-Bs,rmse,272.2283563,,,,
PotassiumConcentration,Fedot_Industrial_legacy_baseline,rmse,213.052,,,,
PotassiumConcentration,Fedot_Industrial_legacy_baseline_features,rmse,167.612,,,,
PotassiumConcentration,FreshPRINCE,rmse,174.8586198,,,,
PotassiumConcentration,Grid-SVR,rmse,261.1384361,,,,
PotassiumConcentration,InceptionT,rmse,172.418649,,,,
PotassiumConcentration,MultiROCKET,rmse,168.9301303,,,,
PotassiumConcentration,RDST,rmse,197.7113971,,,,
PotassiumConcentration,RIST,rmse,191.2297455,,,,
PotassiumConcentration,ROCKET,rmse,209.2308732,,,,
PotassiumConcentration,RandF,rmse,227.9612721,,,,
PotassiumConcentration,ResNet,rmse,182.3009588,,,,
PotassiumConcentration,Ridge,rmse,211.2083739,,,,
PotassiumConcentration,RotF,rmse,186.2389512,,,,
PotassiumConcentration,SingleInception,rmse,177.3003326,,,,
PotassiumConcentration,TSF,rmse,183.8791945,,,,
PotassiumConcentration,XGBoost,rmse,230.5353122,,,,
PrecipitationAndalusia-no-missing,1NN-DTW,rmse,0.490902961,,,,
PrecipitationAndalusia-no-missing,1NN-ED,rmse,0.503864131,,,,
PrecipitationAndalusia-no-missing,5NN-DTW,rmse,0.410595866,,,,
PrecipitationAndalusia-no-missing,5NN-ED,rmse,0.453094328,,,,
PrecipitationAndalusia-no-missing,CNN,rmse,0.985432438,,,,
PrecipitationAndalusia-no-missing,DrCIF,rmse,0.385120669,,,,
PrecipitationAndalusia-no-missing,FCN,rmse,0.397995803,,,,
PrecipitationAndalusia-no-missing,FPCR,rmse,0.38869524,,,,
PrecipitationAndalusia-no-missing,FPCR-Bs,rmse,0.415939528,,,,
PrecipitationAndalusia-no-missing,Fedot_Industrial_legacy_baseline,rmse,0.665,,,,
PrecipitationAndalusia-no-missing,Fedot_Industrial_legacy_baseline_features,rmse,0.43,,,,
PrecipitationAndalusia-no-missing,FreshPRINCE,rmse,0.361292952,,,,
PrecipitationAndalusia-no-missing,Grid-SVR,rmse,0.599802388,,,,
PrecipitationAndalusia-no-missing,InceptionT,rmse,0.379391696,,,,
PrecipitationAndalusia-no-missing,MultiROCKET,rmse,0.36174422,,,,
PrecipitationAndalusia-no-missing,RDST,rmse,0.353553562,,,,
PrecipitationAndalusia-no-missing,RIST,rmse,0.39024938,,,,
PrecipitationAndalusia-no-missing,ROCKET,rmse,0.345239176,,,,
PrecipitationAndalusia-no-missing,RandF,rmse,0.394483498,,,,
PrecipitationAndalusia-no-missing,ResNet,rmse,0.409186637,,,,
PrecipitationAndalusia-no-missing,Ridge,rmse,0.798526798,,,,
PrecipitationAndalusia-no-missing,RotF,rmse,0.369005242,,,,
PrecipitationAndalusia-no-missing,SingleInception,rmse,0.388840983,,,,
PrecipitationAndalusia-no-missing,TSF,rmse,0.402333732,,,,
PrecipitationAndalusia-no-missing,XGBoost,rmse,0.401573995,,,,
SierraNevadaMountainsSnow,1NN-DTW,rmse,63.58065518,,,,
SierraNevadaMountainsSnow,1NN-ED,rmse,75.13120528,,,,
SierraNevadaMountainsSnow,5NN-DTW,rmse,53.70734581,,,,
SierraNevadaMountainsSnow,5NN-ED,rmse,66.96145407,,,,
SierraNevadaMountainsSnow,CNN,rmse,54.3199741,,,,
SierraNevadaMountainsSnow,DrCIF,rmse,43.00014169,,,,
SierraNevadaMountainsSnow,FCN,rmse,36.41566328,,,,
SierraNevadaMountainsSnow,FPCR,rmse,47.1037836,,,,
SierraNevadaMountainsSnow,FPCR-Bs,rmse,46.9662149,,,,
SierraNevadaMountainsSnow,Fedot_Industrial_legacy_baseline,rmse,29.074,,,,
SierraNevadaMountainsSnow,Fedot_Industrial_legacy_baseline_features,rmse,24.575,,,,
SierraNevadaMountainsSnow,FreshPRINCE,rmse,36.92058234,,,,
SierraNevadaMountainsSnow,Grid-SVR,rmse,83.02962466,,,,
SierraNevadaMountainsSnow,InceptionT,rmse,33.8337952,,,,
SierraNevadaMountainsSnow,KernelEnsembleRegressor_adaptive_rbf_summary,rmse,41.43252466389467,1.0,1.0,"{""gamma"": ""scale"", ""generator_names"": [""statistical_summary""], ""kernel"": ""rbf"", ""selector_optimizer"": ""projected_gradient""}","industrial, kernel_learning"
SierraNevadaMountainsSnow,KernelEnsembleRegressor_embedding_nystrom,rmse,57.91634792247099,1.0,2.0,{},
SierraNevadaMountainsSnow,KernelEnsembleRegressor_score_linear_summary,rmse,37.3230053956445,1.0,1.0,{},
SierraNevadaMountainsSnow,KernelEnsembleRegressor_shapelet_rbf,rmse,55.28540296583733,1.0,2.0,{},
SierraNevadaMountainsSnow,MultiROCKET,rmse,47.80648606,,,,
SierraNevadaMountainsSnow,RDST,rmse,44.44119105,,,,
SierraNevadaMountainsSnow,RIST,rmse,38.72901371,,,,
SierraNevadaMountainsSnow,ROCKET,rmse,68.54777467,,,,
SierraNevadaMountainsSnow,RandF,rmse,52.2160696,,,,
SierraNevadaMountainsSnow,ResNet,rmse,39.73244887,,,,
SierraNevadaMountainsSnow,Ridge,rmse,52.2769167,,,,
SierraNevadaMountainsSnow,RotF,rmse,48.69493372,,,,
SierraNevadaMountainsSnow,SingleInception,rmse,34.69172833,,,,
SierraNevadaMountainsSnow,TSF,rmse,51.8083372,,,,
SierraNevadaMountainsSnow,XGBoost,rmse,56.06689145,,,,
SodiumConcentration,1NN-DTW,rmse,659.3807353,,,,
SodiumConcentration,1NN-ED,rmse,620.1986713,,,,
SodiumConcentration,5NN-DTW,rmse,453.9542042,,,,
SodiumConcentration,5NN-ED,rmse,444.1322252,,,,
SodiumConcentration,CNN,rmse,399.3960633,,,,
SodiumConcentration,DrCIF,rmse,312.7762688,,,,
SodiumConcentration,FCN,rmse,469.6492356,,,,
SodiumConcentration,FPCR,rmse,410.5009362,,,,
SodiumConcentration,FPCR-Bs,rmse,399.9167718,,,,
SodiumConcentration,Fedot_Industrial_legacy_baseline,rmse,129.17,,,,
SodiumConcentration,Fedot_Industrial_legacy_baseline_features,rmse,129.17,,,,
SodiumConcentration,FreshPRINCE,rmse,407.9308835,,,,
SodiumConcentration,Grid-SVR,rmse,362.554838,,,,
SodiumConcentration,InceptionT,rmse,382.1992832,,,,
SodiumConcentration,MultiROCKET,rmse,532.353921,,,,
SodiumConcentration,RDST,rmse,238.3321208,,,,
SodiumConcentration,RIST,rmse,190.9043316,,,,
SodiumConcentration,ROCKET,rmse,1009.654912,,,,
SodiumConcentration,RandF,rmse,470.0355794,,,,
SodiumConcentration,ResNet,rmse,478.4272807,,,,
SodiumConcentration,Ridge,rmse,415.4720612,,,,
SodiumConcentration,RotF,rmse,652.7057211,,,,
SodiumConcentration,SingleInception,rmse,431.5253439,,,,
SodiumConcentration,TSF,rmse,397.03691,,,,
SodiumConcentration,XGBoost,rmse,850.978348,,,,
SolarRadiationAndalusia-no-missing,1NN-DTW,rmse,0.823649207,,,,
SolarRadiationAndalusia-no-missing,1NN-ED,rmse,0.844080691,,,,
SolarRadiationAndalusia-no-missing,5NN-DTW,rmse,0.645186911,,,,
SolarRadiationAndalusia-no-missing,5NN-ED,rmse,0.655480826,,,,
SolarRadiationAndalusia-no-missing,CNN,rmse,1.042590359,,,,
SolarRadiationAndalusia-no-missing,DrCIF,rmse,0.621614584,,,,
SolarRadiationAndalusia-no-missing,FCN,rmse,0.670085553,,,,
SolarRadiationAndalusia-no-missing,FPCR,rmse,0.657211999,,,,
SolarRadiationAndalusia-no-missing,FPCR-Bs,rmse,0.673902823,,,,
SolarRadiationAndalusia-no-missing,Fedot_Industrial_legacy_baseline,rmse,0.784,,,,
SolarRadiationAndalusia-no-missing,Fedot_Industrial_legacy_baseline_features,rmse,0.627,,,,
SolarRadiationAndalusia-no-missing,FreshPRINCE,rmse,0.619532519,,,,
SolarRadiationAndalusia-no-missing,Grid-SVR,rmse,0.766141592,,,,
SolarRadiationAndalusia-no-missing,InceptionT,rmse,0.65430406,,,,
SolarRadiationAndalusia-no-missing,MultiROCKET,rmse,0.631498894,,,,
SolarRadiationAndalusia-no-missing,RDST,rmse,0.609971414,,,,
SolarRadiationAndalusia-no-missing,RIST,rmse,0.618089901,,,,
SolarRadiationAndalusia-no-missing,ROCKET,rmse,0.644609866,,,,
SolarRadiationAndalusia-no-missing,RandF,rmse,0.630443279,,,,
SolarRadiationAndalusia-no-missing,ResNet,rmse,0.654885527,,,,
SolarRadiationAndalusia-no-missing,Ridge,rmse,0.769879903,,,,
SolarRadiationAndalusia-no-missing,RotF,rmse,0.623875508,,,,
SolarRadiationAndalusia-no-missing,SingleInception,rmse,0.695239563,,,,
SolarRadiationAndalusia-no-missing,TSF,rmse,0.625551176,,,,
SolarRadiationAndalusia-no-missing,XGBoost,rmse,0.656599867,,,,
SteamPredictor,1NN-DTW,rmse,42924.76175,,,,
SteamPredictor,1NN-ED,rmse,55239.47152,,,,
SteamPredictor,5NN-DTW,rmse,34168.97513,,,,
SteamPredictor,5NN-ED,rmse,38081.06224,,,,
SteamPredictor,CNN,rmse,30611.23737,,,,
SteamPredictor,DrCIF,rmse,31131.86635,,,,
SteamPredictor,FCN,rmse,29315.721,,,,
SteamPredictor,FPCR,rmse,31246.60853,,,,
SteamPredictor,FPCR-Bs,rmse,32018.74692,,,,
SteamPredictor,Fedot_Industrial_legacy_baseline,rmse,30520.0,,,,
SteamPredictor,Fedot_Industrial_legacy_baseline_features,rmse,28950.0,,,,
SteamPredictor,FreshPRINCE,rmse,31014.82503,,,,
SteamPredictor,Grid-SVR,rmse,32105.48137,,,,
SteamPredictor,InceptionT,rmse,29704.37021,,,,
SteamPredictor,KernelEnsembleRegressor_adaptive_rbf_summary,rmse,31689.730553464033,1.0,1.0,"{""gamma"": ""scale"", ""generator_names"": [""statistical_summary""], ""kernel"": ""rbf"", ""selector_optimizer"": ""projected_gradient""}","industrial, kernel_learning"
SteamPredictor,KernelEnsembleRegressor_embedding_nystrom,rmse,32728.69998895403,1.0,2.0,{},
SteamPredictor,KernelEnsembleRegressor_score_linear_summary,rmse,31682.65408320655,1.0,1.0,{},
SteamPredictor,KernelEnsembleRegressor_shapelet_rbf,rmse,31261.677734751232,2.0,2.0,{},
SteamPredictor,MultiROCKET,rmse,30576.84618,,,,
SteamPredictor,RDST,rmse,30462.4023,,,,
SteamPredictor,RIST,rmse,32431.66763,,,,
SteamPredictor,ROCKET,rmse,30813.80372,,,,
SteamPredictor,RandF,rmse,32219.2418,,,,
SteamPredictor,ResNet,rmse,29429.96045,,,,
SteamPredictor,Ridge,rmse,76160.53072,,,,
SteamPredictor,RotF,rmse,31524.69267,,,,
SteamPredictor,SingleInception,rmse,29823.9248,,,,
SteamPredictor,TSF,rmse,31357.74909,,,,
SteamPredictor,XGBoost,rmse,35238.80806,,,,
SulphurConcentration,1NN-DTW,rmse,251.9018798,,,,
SulphurConcentration,1NN-ED,rmse,251.1591474,,,,
SulphurConcentration,5NN-DTW,rmse,221.0833662,,,,
SulphurConcentration,5NN-ED,rmse,217.3026844,,,,
SulphurConcentration,CNN,rmse,246.5601044,,,,
SulphurConcentration,DrCIF,rmse,206.0873049,,,,
SulphurConcentration,FCN,rmse,279.7896738,,,,
SulphurConcentration,FPCR,rmse,201.4705376,,,,
SulphurConcentration,FPCR-Bs,rmse,201.6205318,,,,
SulphurConcentration,Fedot_Industrial_legacy_baseline,rmse,309.202,,,,
SulphurConcentration,Fedot_Industrial_legacy_baseline_features,rmse,331.764,,,,
SulphurConcentration,FreshPRINCE,rmse,222.424255,,,,
SulphurConcentration,Grid-SVR,rmse,197.9890281,,,,
SulphurConcentration,InceptionT,rmse,206.5099143,,,,
SulphurConcentration,MultiROCKET,rmse,213.8497006,,,,
SulphurConcentration,RDST,rmse,243.2693294,,,,
SulphurConcentration,RIST,rmse,241.9181154,,,,
SulphurConcentration,ROCKET,rmse,272.0340962,,,,
SulphurConcentration,RandF,rmse,223.0694506,,,,
SulphurConcentration,ResNet,rmse,208.0137122,,,,
SulphurConcentration,Ridge,rmse,213.6157746,,,,
SulphurConcentration,RotF,rmse,215.0778566,,,,
SulphurConcentration,SingleInception,rmse,210.1144342,,,,
SulphurConcentration,TSF,rmse,213.127695,,,,
SulphurConcentration,XGBoost,rmse,309.2021073,,,,
TetuanEnergyConsumption,1NN-DTW,rmse,2101.901139,,,,
TetuanEnergyConsumption,1NN-ED,rmse,2353.574744,,,,
TetuanEnergyConsumption,5NN-DTW,rmse,1732.491374,,,,
TetuanEnergyConsumption,5NN-ED,rmse,1740.205111,,,,
TetuanEnergyConsumption,CNN,rmse,2344.725508,,,,
TetuanEnergyConsumption,DrCIF,rmse,1221.921071,,,,
TetuanEnergyConsumption,FCN,rmse,1529.458527,,,,
TetuanEnergyConsumption,FPCR,rmse,1605.019613,,,,
TetuanEnergyConsumption,FPCR-Bs,rmse,1620.568764,,,,
TetuanEnergyConsumption,Fedot_Industrial_legacy_baseline,rmse,1532.825,,,,
TetuanEnergyConsumption,Fedot_Industrial_legacy_baseline_features,rmse,1161.357,,,,
TetuanEnergyConsumption,FreshPRINCE,rmse,1283.482888,,,,
TetuanEnergyConsumption,Grid-SVR,rmse,2229.14005,,,,
TetuanEnergyConsumption,InceptionT,rmse,10216.80208,,,,
TetuanEnergyConsumption,KernelEnsembleRegressor_adaptive_rbf_summary,rmse,2143.261942630265,1.0,1.0,"{""gamma"": ""scale"", ""generator_names"": [""statistical_summary""], ""kernel"": ""rbf"", ""selector_optimizer"": ""projected_gradient""}","industrial, kernel_learning"
TetuanEnergyConsumption,KernelEnsembleRegressor_embedding_nystrom,rmse,2901.3658593993414,1.0,2.0,{},
TetuanEnergyConsumption,KernelEnsembleRegressor_score_linear_summary,rmse,1753.668976854478,1.0,1.0,{},
TetuanEnergyConsumption,KernelEnsembleRegressor_shapelet_rbf,rmse,2117.400742056944,2.0,2.0,{},
TetuanEnergyConsumption,MultiROCKET,rmse,1529.326718,,,,
TetuanEnergyConsumption,RDST,rmse,1522.158719,,,,
TetuanEnergyConsumption,RIST,rmse,1206.291947,,,,
TetuanEnergyConsumption,ROCKET,rmse,1790.319983,,,,
TetuanEnergyConsumption,RandF,rmse,1268.941781,,,,
TetuanEnergyConsumption,ResNet,rmse,1494.870608,,,,
TetuanEnergyConsumption,Ridge,rmse,2844.265695,,,,
TetuanEnergyConsumption,RotF,rmse,1231.752192,,,,
TetuanEnergyConsumption,SingleInception,rmse,10207.69584,,,,
TetuanEnergyConsumption,TSF,rmse,1402.286487,,,,
TetuanEnergyConsumption,XGBoost,rmse,1318.08487,,,,
VentilatorPressure,1NN-DTW,rmse,1.135625702,,,,
VentilatorPressure,1NN-ED,rmse,0.983354131,,,,
VentilatorPressure,5NN-DTW,rmse,1.000071848,,,,
VentilatorPressure,5NN-ED,rmse,0.894524863,,,,
VentilatorPressure,CNN,rmse,2.163210058,,,,
VentilatorPressure,DrCIF,rmse,0.616613186,,,,
VentilatorPressure,FCN,rmse,0.935242667,,,,
VentilatorPressure,FPCR,rmse,2.182645155,,,,
VentilatorPressure,FPCR-Bs,rmse,2.225153939,,,,
VentilatorPressure,Fedot_Industrial_legacy_baseline,rmse,2.521,,,,
VentilatorPressure,Fedot_Industrial_legacy_baseline_features,rmse,0.726,,,,
VentilatorPressure,FreshPRINCE,rmse,0.601514541,,,,
VentilatorPressure,Grid-SVR,rmse,0.790831487,,,,
VentilatorPressure,InceptionT,rmse,0.376182365,,,,
VentilatorPressure,MultiROCKET,rmse,0.750593558,,,,
VentilatorPressure,ROCKET,rmse,0.8529131,,,,
VentilatorPressure,RandF,rmse,0.671744969,,,,
VentilatorPressure,ResNet,rmse,0.492727935,,,,
VentilatorPressure,Ridge,rmse,2.072325591,,,,
VentilatorPressure,RotF,rmse,0.568545469,,,,
VentilatorPressure,SingleInception,rmse,0.406689419,,,,
VentilatorPressure,TSF,rmse,1.848327724,,,,
VentilatorPressure,XGBoost,rmse,0.704912061,,,,
WaveDataTension,1NN-DTW,rmse,21.33728439,,,,
WaveDataTension,1NN-ED,rmse,21.051859,,,,
WaveDataTension,5NN-DTW,rmse,16.51618271,,,,
WaveDataTension,5NN-ED,rmse,16.54466608,,,,
WaveDataTension,CNN,rmse,18.16305278,,,,
WaveDataTension,DrCIF,rmse,15.1791087,,,,
WaveDataTension,FCN,rmse,21.10001988,,,,
WaveDataTension,FPCR,rmse,14.11048357,,,,
WaveDataTension,FPCR-Bs,rmse,14.10799353,,,,
WaveDataTension,Fedot_Industrial_legacy_baseline,rmse,16.072,,,,
WaveDataTension,Fedot_Industrial_legacy_baseline_features,rmse,15.58,,,,
WaveDataTension,FreshPRINCE,rmse,14.91208505,,,,
WaveDataTension,Grid-SVR,rmse,14.95342151,,,,
WaveDataTension,InceptionT,rmse,16.87144929,,,,
WaveDataTension,MultiROCKET,rmse,15.7711515,,,,
WaveDataTension,RDST,rmse,15.91831885,,,,
WaveDataTension,RIST,rmse,15.63136528,,,,
WaveDataTension,ROCKET,rmse,15.14328284,,,,
WaveDataTension,RandF,rmse,15.35697044,,,,
WaveDataTension,ResNet,rmse,18.33222298,,,,
WaveDataTension,Ridge,rmse,14.08011574,,,,
WaveDataTension,RotF,rmse,15.21209347,,,,
WaveDataTension,SingleInception,rmse,17.7932096,,,,
WaveDataTension,TSF,rmse,15.43532706,,,,
WaveDataTension,XGBoost,rmse,16.09434385,,,,
WindTurbinePower,1NN-DTW,rmse,276.3996986,,,,
WindTurbinePower,1NN-ED,rmse,586.7300158,,,,
WindTurbinePower,5NN-DTW,rmse,238.7697398,,,,
WindTurbinePower,5NN-ED,rmse,466.1866149,,,,
WindTurbinePower,CNN,rmse,951.5195588,,,,
WindTurbinePower,DrCIF,rmse,97.85141545,,,,
WindTurbinePower,FCN,rmse,1191.20981,,,,
WindTurbinePower,FPCR,rmse,888.9447829,,,,
WindTurbinePower,FPCR-Bs,rmse,891.4587609,,,,
WindTurbinePower,Fedot_Industrial_legacy_baseline,rmse,275.92,,,,
WindTurbinePower,Fedot_Industrial_legacy_baseline_features,rmse,44.35,,,,
WindTurbinePower,FreshPRINCE,rmse,44.65780017,,,,
WindTurbinePower,Grid-SVR,rmse,805.0839037,,,,
WindTurbinePower,InceptionT,rmse,283.4952466,,,,
WindTurbinePower,MultiROCKET,rmse,112.9894326,,,,
WindTurbinePower,RDST,rmse,87.18343585,,,,
WindTurbinePower,RIST,rmse,58.52270061,,,,
WindTurbinePower,ROCKET,rmse,611.4291844,,,,
WindTurbinePower,RandF,rmse,103.7842727,,,,
WindTurbinePower,ResNet,rmse,1033.868527,,,,
WindTurbinePower,Ridge,rmse,62206.2416,,,,
WindTurbinePower,RotF,rmse,74.24638202,,,,
WindTurbinePower,SingleInception,rmse,274.1875077,,,,
WindTurbinePower,TSF,rmse,117.0780353,,,,
WindTurbinePower,XGBoost,rmse,104.9718632,,,,
ZincConcentration,1NN-DTW,rmse,1.828630779,,,,
ZincConcentration,1NN-ED,rmse,1.889708184,,,,
ZincConcentration,5NN-DTW,rmse,1.540421659,,,,
ZincConcentration,5NN-ED,rmse,1.540108997,,,,
ZincConcentration,CNN,rmse,1.49616167,,,,
ZincConcentration,DrCIF,rmse,1.429352329,,,,
ZincConcentration,FCN,rmse,4.265433011,,,,
ZincConcentration,FPCR,rmse,1.454665741,,,,
ZincConcentration,FPCR-Bs,rmse,1.436631741,,,,
ZincConcentration,Fedot_Industrial_legacy_baseline,rmse,2.103,,,,
ZincConcentration,Fedot_Industrial_legacy_baseline_features,rmse,2.118,,,,
ZincConcentration,FreshPRINCE,rmse,1.589328633,,,,
ZincConcentration,Grid-SVR,rmse,1.433719548,,,,
ZincConcentration,InceptionT,rmse,1.542791929,,,,
ZincConcentration,MultiROCKET,rmse,1.381516175,,,,
ZincConcentration,RDST,rmse,1.550300551,,,,
ZincConcentration,RIST,rmse,1.638072713,,,,
ZincConcentration,ROCKET,rmse,1.489651766,,,,
ZincConcentration,RandF,rmse,1.53372111,,,,
ZincConcentration,ResNet,rmse,1.638924859,,,,
ZincConcentration,Ridge,rmse,1.440314224,,,,
ZincConcentration,RotF,rmse,1.509911433,,,,
ZincConcentration,SingleInception,rmse,1.659296324,,,,
ZincConcentration,TSF,rmse,1.50812809,,,,
ZincConcentration,XGBoost,rmse,1.66211709,,,,
